	NefAC	NefMES	NefNPC	NefOPC	VerCL	VerMES	VerNL	VerPN
NefAC	1.0	0.7762237762237763	0.6993006993006993	0.6713286713286714	0.7762237762237763	0.6573426573426573	0.7062937062937062	0.7692307692307693
NefMES	0.7762237762237763	1.0	0.5664335664335665	0.6573426573426573	0.6923076923076923	0.6153846153846154	0.6993006993006993	0.7342657342657343
NefNPC	0.6993006993006993	0.5664335664335665	1.0	0.8881118881118881	0.8111888111888111	0.1258741258741259	0.42657342657342656	0.8461538461538461
NefOPC	0.6713286713286714	0.6573426573426573	0.8881118881118881	1.0	0.7062937062937062	0.07692307692307693	0.32867132867132864	0.8671328671328671
VerCL	0.7762237762237763	0.6923076923076923	0.8111888111888111	0.7062937062937062	1.0	0.5734265734265734	0.6083916083916084	0.6713286713286714
VerMES	0.6573426573426573	0.6153846153846154	0.1258741258741259	0.07692307692307693	0.5734265734265734	1.0	0.7552447552447552	0.17482517482517482
VerNL	0.7062937062937062	0.6993006993006993	0.42657342657342656	0.32867132867132864	0.6083916083916084	0.7552447552447552	1.0	0.5874125874125874
VerPN	0.7692307692307693	0.7342657342657343	0.8461538461538461	0.8671328671328671	0.6713286713286714	0.17482517482517482	0.5874125874125874	1.0
