	NefAC	NefMES	NefNPC	NefOPC	VerCL	VerMES	VerNL	VerPN
NefAC	1.0	0.46853146853146854	0.6853146853146853	0.8601398601398601	0.8041958041958042	0.7832167832167832	0.6083916083916084	0.48951048951048953
NefMES	0.46853146853146854	1.0	0.43356643356643354	0.5384615384615384	0.34965034965034963	0.7482517482517482	0.8741258741258742	-0.16083916083916083
NefNPC	0.6853146853146853	0.43356643356643354	1.0	0.45454545454545453	0.5244755244755245	0.7132867132867133	0.3916083916083916	0.2937062937062937
NefOPC	0.8601398601398601	0.5384615384615384	0.45454545454545453	1.0	0.7552447552447552	0.8321678321678322	0.6433566433566433	0.4755244755244755
VerCL	0.8041958041958042	0.34965034965034963	0.5244755244755245	0.7552447552447552	1.0	0.7132867132867133	0.6433566433566433	0.6993006993006993
VerMES	0.7832167832167832	0.7482517482517482	0.7132867132867133	0.8321678321678322	0.7132867132867133	1.0	0.7622377622377622	0.2727272727272727
VerNL	0.6083916083916084	0.8741258741258742	0.3916083916083916	0.6433566433566433	0.6433566433566433	0.7622377622377622	1.0	0.07692307692307693
VerPN	0.48951048951048953	-0.16083916083916083	0.2937062937062937	0.4755244755244755	0.6993006993006993	0.2727272727272727	0.07692307692307693	1.0
