	NefAC	NefMES	NefNPC	NefOPC	VerCL	VerMES	VerNL	VerPN
NefAC	1.0	-0.2773913043478261	0.4756521739130435	0.47130434782608693	0.1391304347826087	-0.2539130434782609	0.07391304347826087	0.64
NefMES	-0.2773913043478261	1.0	0.1791304347826087	0.21739130434782608	-0.30869565217391304	0.5617391304347826	0.5521739130434783	-0.11739130434782609
NefNPC	0.4756521739130435	0.1791304347826087	1.0	0.6417391304347826	-0.2530434782608696	-0.10521739130434783	0.35391304347826086	0.5582608695652174
NefOPC	0.47130434782608693	0.21739130434782608	0.6417391304347826	1.0	-0.08869565217391304	0.06086956521739131	0.3278260869565217	0.4408695652173913
VerCL	0.1391304347826087	-0.30869565217391304	-0.2530434782608696	-0.08869565217391304	1.0	0.09652173913043478	-0.3391304347826087	0.28347826086956524
VerMES	-0.2539130434782609	0.5617391304347826	-0.10521739130434783	0.06086956521739131	0.09652173913043478	1.0	-0.00782608695652174	-0.16608695652173913
VerNL	0.07391304347826087	0.5521739130434783	0.35391304347826086	0.3278260869565217	-0.3391304347826087	-0.00782608695652174	1.0	0.13130434782608696
VerPN	0.64	-0.11739130434782609	0.5582608695652174	0.4408695652173913	0.28347826086956524	-0.16608695652173913	0.13130434782608696	1.0
