""	NefMES	NefAC	NefOPC	NefNPC	VerPN	VerNL	VerCL	VerMES	OXPHOS	GLYC	FAO	G2M	KEGG_CC	WP_CC	BIOCARTA_CC	PD.L1
CD274	-0.0565868187852178	0.165233510852836	0.142598783338749	0.101855758188548	0.0701676552936701	-0.0746942226716022	0.0611137642880353	-0.0565865323269713	-0.0384790367739481	-0.0248982002654959	0.165232674394756	-0.0656403774992868	-0.0248982002654959	-0.0248982002654959	-0.115436525947022	-0.0211200033470179
LAG3	0.0455240376786172	0.0786826690682018	0.070410281341321	0.0988882094690208	0.0135397744840804	0.149662106751403	-0.123205039756925	0.0920838164318581	0.0614125485527931	0.0436415945424376	0.00172700330892457	-0.0126762042875063	0.0378561041697758	0.0150595450894363	0.0353344877005967	-0.074448517801756
HAVCR2	-0.113944102418035	0.00832188767908836	0.0847381314897907	0.137457841232773	0.0687065930998303	-0.0615861921458614	0.0518133878657136	-0.0412917731581788	-0.0266323081174095	0.0206119779299491	-0.0589785293709077	0.177253042711413	0.139862134072526	0.136993690499216	0.122288046481086	-0.0533181458558572
CD47	0.40989489007754	-0.180347670107559	-0.369229749152933	-0.0803973741141908	-0.190220014888358	-0.0346239825988497	-0.0656602150821539	0.405270878288175	-0.111443974193931	0.00718633721723481	-0.119643293500241	-0.0507602180488991	0.154339008190176	0.148713596123088	0.00328400771722111	-0.0256615697709911
LGALS9	0.472038497157419	-0.149787979014857	-0.311595824255875	-0.181332066556789	-0.437039288156575	-0.26220065678255	0.160385526152449	0.516210320993553	0.000253985551530067	0.0879869446888036	-0.232827376444582	-0.182335304406638	-0.195549825761787	-0.196470523386084	-0.0317607324363422	0.185601686546608
CD276	0.0427458405224824	0.0845563909541867	0.0289528811617776	0.196594926275586	0.0482496629797532	0.0202165526967836	0.0138135151868758	0.12380711427832	0.122851895110659	0.101977453634064	0.0590668674877557	0.0799206475699997	0.0381464744167332	0.0247183809705627	0.102274995366392	0.092608509255291
