""	NefMES	NefAC	NefOPC	NefNPC	VerPN	VerNL	VerCL	VerMES	OXPHOS	GLYC	FAO	G2M	KEGG_CC	WP_CC	BIOCARTA_CC	PD.L1
CD274	0.609165024999994	0.133085734236714	0.195672179609574	0.356561774417726	0.525921884888541	0.499504005795995	0.580783389287721	0.609166839971014	0.728207727628527	0.822126033669415	0.133087725315738	0.553027253504304	0.822126033669415	0.822126033669415	0.295726890346467	0.848769353545692
LAG3	0.680928668221025	0.476813344660065	0.524488305808386	0.370818441296327	0.902708746535883	0.174213304823167	0.264193932703194	0.404794907166582	0.578931740534901	0.693450777510032	0.987560616669173	0.908886555398073	0.732440632341036	0.891850863675292	0.749655892087472	0.500920009951607
HAVCR2	0.302056732708885	0.940111433089433	0.443449838739077	0.212443958824307	0.534596073682008	0.577856875207646	0.63972977033259	0.709197640183914	0.809962524968386	0.852365545735321	0.59409455320993	0.106742475418373	0.204477558748139	0.214006877783124	0.267792767697276	0.630026467382415
CD47	0.000107924656060153	0.100665124489415	0.000547593662391057	0.46723133672024	0.0830717200310712	0.754529171250028	0.552907033096961	0.000131213307677955	0.312857427436791	0.948271298595954	0.278356944133296	0.646557341845263	0.160986992095542	0.176990168340432	0.976348174046233	0.816766196697193
LGALS9	5.81588689662758e-06	0.173847214557245	0.00391126463696738	0.0987897502026287	3.23077936004285e-05	0.0159780214592885	0.145010170844002	5.0083848709986e-07	0.998170503470298	0.42610427134418	0.0330637922155264	0.0969067613876555	0.0746445615242132	0.0732608047649725	0.77426347373408	0.0909706707593522
CD276	0.699438614536782	0.444431711260198	0.79375609993545	0.0730754241060573	0.662950376494951	0.855166758194354	0.900751648788657	0.261848911793952	0.265575990044625	0.355984459156333	0.59354114229356	0.469884782223853	0.730466527221591	0.823389793138212	0.354575378817322	0.402111729926897
