""	NefMES	NefAC	NefOPC	NefNPC	VerPN	VerNL	VerCL	VerMES	OXPHOS	GLYC	FAO	G2M	KEGG_CC	WP_CC	BIOCARTA_CC	PD.L1
CD274	0.0803020564724169	-0.133117844109336	-0.11219830513398	-0.0972528133570637	-0.1537488375475	0.00692946424818308	-0.0982285464700739	0.122840782808872	-0.0939021379808631	0.140570983122016	-0.0040010924418935	0.148496075716948	0.0653149696592854	0.0749600940192789	0.0250047295964993	0.0307605968511057
LAG3	-0.0841700528305295	0.00849620808221241	-0.0113245681712265	-0.184806943986267	-0.0841954959294407	-0.0760446255171962	-0.0732795967545601	-0.0381941372836531	0.0279479763789408	0.0231843757937714	0.00890954823341301	0.144097863540085	0.0325721476315772	0.0422734786502005	0.0400320813114444	0.00311634399908956
HAVCR2	-0.0150695555642716	-0.0537816891836553	-0.0427821567195389	-0.111441229847273	-0.108880661502913	-0.0442949815214567	-0.123816388243987	0.00685832779935662	0.0144205526177939	0.0479629694346884	0.0499909432142183	0.0871108785114463	0.027026393844644	0.0364129800939128	-0.000219592270169301	0.10913474870793
CD47	0.030800882804025	0.10051771348231	0.0330727728186055	0.129503023108896	0.16940132595348	0.105358184910825	0.0436789577900279	0.0321351441668456	-0.162790262709465	0.00757864811281936	-0.0297012295712607	0.0159727677402461	-0.047953216374269	-0.0604670881183057	-0.069145261794033	0.116778785269227
LGALS9	0.0773229721104596	-0.141714053083184	-0.140393600763463	-0.0801181886094534	-0.1891777847803	0.00259225169814495	0.0792681587596721	0.101107476792988	-0.0758514442401799	0.156323658216819	-0.0428044082768857	0.143552422693327	-0.0213143741628824	-0.0227151526431444	-0.0757111517225436	0.0436163280425737
CD276	-0.116427113287865	0.209600761042951	0.221985927063996	0.0133683779991169	0.195387632384966	-0.0154577910542418	0.181801186201535	-0.0316153739727049	0.0841096381192923	-0.0506992327984054	0.0176420119010936	-0.0274527289495942	-0.146292309421597	-0.154395404989416	-0.0369642661665173	0.0181371184077071
