Name,NefAC,NefMES,NefNPC,NefOPC,VerCL,VerMES,VerNL,VerPN
GSM6161225,0.788102132269588,1.5470875722687054,0.7937235457350802,0.6372311736252834,1.061878398126085,1.1320657743110014,0.8630385195518818,0.7817561097840552
GSM6161226,0.7416787859148845,1.553785038171365,0.8488971002240302,0.6493703768303416,1.0725671060343365,1.1220739274159248,0.8653115805803163,0.774095764343294
GSM6161227,0.7992318061797661,1.564707363582054,0.8155796341153102,0.5692842121313412,1.0614827409575338,1.131421364521214,0.8308899714738964,0.7489663230503278
GSM6161228,0.7762941873742241,1.562097553175481,0.8173993732480884,0.6538082919188535,1.0547351012656414,1.1321445967767207,0.8425759326647205,0.7375882471370893
GSM6161229,0.7547487715939,1.569284212131341,0.791566051566771,0.6306224818949854,1.0559928929485929,1.1541568507806665,0.8515115935500259,0.7530268252210379
GSM6161230,0.7329901565883635,1.5683167777847982,0.8216602809879463,0.5943102083693743,1.0488754714762343,1.1524764254939381,0.8986046552250394,0.7849686847140243
