	NefAC	NefMES	NefNPC	NefOPC	VerCL	VerMES	VerNL	VerPN
NefAC	1.0	0.8881118881118881	0.8811188811188811	0.7902097902097902	0.8391608391608392	0.5874125874125874	0.6993006993006993	0.8391608391608392
NefMES	0.8881118881118881	1.0	0.8181818181818182	0.7832167832167832	0.6853146853146853	0.5314685314685315	0.6713286713286714	0.9090909090909091
NefNPC	0.8811188811188811	0.8181818181818182	1.0	0.6643356643356644	0.6783216783216783	0.2867132867132867	0.7832167832167832	0.9090909090909091
NefOPC	0.7902097902097902	0.7832167832167832	0.6643356643356644	1.0	0.7832167832167832	0.2727272727272727	0.6433566433566433	0.7762237762237763
VerCL	0.8391608391608392	0.6853146853146853	0.6783216783216783	0.7832167832167832	1.0	0.5594405594405595	0.38461538461538464	0.6153846153846154
VerMES	0.5874125874125874	0.5314685314685315	0.2867132867132867	0.2727272727272727	0.5594405594405595	1.0	-0.08391608391608392	0.3146853146853147
VerNL	0.6993006993006993	0.6713286713286714	0.7832167832167832	0.6433566433566433	0.38461538461538464	-0.08391608391608392	1.0	0.7482517482517482
VerPN	0.8391608391608392	0.9090909090909091	0.9090909090909091	0.7762237762237763	0.6153846153846154	0.3146853146853147	0.7482517482517482	1.0
