	NefAC	NefMES	NefNPC	NefOPC	VerCL	VerMES	VerNL	VerPN
NefAC	1.0	-0.4265984654731458	0.8108512970405554	0.8960175374497625	0.8286079649251005	-0.717829740591889	-0.4823164048227987	0.8142857142857143
NefMES	-0.4265984654731458	1.0	-0.5602484472049689	-0.4887833394227256	-0.16821337230544392	0.8399707709170625	0.2277676287906467	-0.7252466203872854
NefNPC	0.8108512970405554	-0.5602484472049689	1.0	0.8991596638655462	0.6289002557544757	-0.7121666057727439	-0.22261600292290828	0.8985020094994519
NefOPC	0.8960175374497625	-0.4887833394227256	0.8991596638655462	1.0	0.7191450493240774	-0.7459992692729266	-0.35750822067957616	0.910230179028133
VerCL	0.8286079649251005	-0.16821337230544392	0.6289002557544757	0.7191450493240774	1.0	-0.40690537084398976	-0.5724150529777128	0.5654731457800511
VerMES	-0.717829740591889	0.8399707709170625	-0.7121666057727439	-0.7459992692729266	-0.40690537084398976	1.0	0.386737303617099	-0.8949214468396054
VerNL	-0.4823164048227987	0.2277676287906467	-0.22261600292290828	-0.35750822067957616	-0.5724150529777128	0.386737303617099	1.0	-0.3554256485202777
VerPN	0.8142857142857143	-0.7252466203872854	0.8985020094994519	0.910230179028133	0.5654731457800511	-0.8949214468396054	-0.3554256485202777	1.0
