	NefAC	NefMES	NefNPC	NefOPC	VerCL	VerMES	VerNL	VerPN
NefAC	1.0	0.48336297968109454	0.6647603746278268	0.8780610651008295	0.49661139057309894	0.15110711576101857	0.5140804212969161	0.47994568024023104
NefMES	0.48336297968109454	1.0	0.0026841101951558506	0.2947484523331357	-0.009034166618849976	0.8317872603586889	0.42789561935364584	-0.307040529426391
NefNPC	0.6647603746278268	0.0026841101951558506	1.0	0.7970404656708044	0.26190157412543275	-0.33931360735484445	0.4992763740922798	0.904162602248022
NefOPC	0.8780610651008295	0.2947484523331357	0.7970404656708044	1.0	0.2642350285943806	-0.01799820209245835	0.5832042282705022	0.6967401768579972
VerCL	0.49661139057309894	-0.009034166618849976	0.26190157412543275	0.2642350285943806	1.0	-0.19103086407946496	-0.2907573526130227	0.1961950665927102
VerMES	0.15110711576101857	0.8317872603586889	-0.33931360735484445	-0.01799820209245835	-0.19103086407946496	1.0	0.298357018533749	-0.6120472556407756
VerNL	0.5140804212969161	0.42789561935364584	0.4992763740922798	0.5832042282705022	-0.2907573526130227	0.298357018533749	1.0	0.32027618920107875
VerPN	0.47994568024023104	-0.307040529426391	0.904162602248022	0.6967401768579972	0.1961950665927102	-0.6120472556407756	0.32027618920107875	1.0
