	NefAC	NefMES	NefNPC	NefOPC	VerCL	VerMES	VerNL	VerPN
NefAC	1.0	0.4388335704125178	0.20365101944049313	0.26955903271692744	0.7247510668563301	0.008534850640113799	-0.08013276434329066	0.20412517780938833
NefMES	0.4388335704125178	1.0	-0.08345187292555714	-0.18231389284020863	0.40279753437648175	0.6377430061640588	-0.5059269796111902	-0.1555239449976292
NefNPC	0.20365101944049313	-0.08345187292555714	1.0	0.8406827880512091	-0.15647226173541964	-0.4438122332859175	0.5045045045045045	0.929113323850166
NefOPC	0.26955903271692744	-0.18231389284020863	0.8406827880512091	1.0	-0.1903745851114272	-0.575154101469891	0.6986723565670934	0.9374110953058321
VerCL	0.7247510668563301	0.40279753437648175	-0.15647226173541964	-0.1903745851114272	1.0	0.3608345187292556	-0.3669985775248933	-0.21337126600284495
VerMES	0.008534850640113799	0.6377430061640588	-0.4438122332859175	-0.575154101469891	0.3608345187292556	1.0	-0.5910384068278806	-0.5448079658605974
VerNL	-0.08013276434329066	-0.5059269796111902	0.5045045045045045	0.6986723565670934	-0.3669985775248933	-0.5910384068278806	1.0	0.6247036510194405
VerPN	0.20412517780938833	-0.1555239449976292	0.929113323850166	0.9374110953058321	-0.21337126600284495	-0.5448079658605974	0.6247036510194405	1.0
