	NefAC	NefMES	NefNPC	NefOPC	VerCL	VerMES	VerNL	VerPN
NefAC	0.0	0.01867195611587825	2.4031985972517002e-08	2.900815020917153e-17	1.4400485983473392e-41	2.11817044433572e-08	1.1550926982769581e-07	0.0009790897675476008
NefMES	0.01867195611587825	0.0	2.673174687164104e-23	1.4271482097268944e-27	5.07300990580208e-07	7.950966016358638e-29	5.087305187645315e-24	2.0664486348370655e-28
NefNPC	2.4031985972517002e-08	2.673174687164104e-23	0.0	3.7524106969715184e-90	3.781764782098936e-05	4.704130489494118e-53	5.6723785218611007e-36	1.4183248127933997e-143
NefOPC	2.900815020917153e-17	1.4271482097268944e-27	3.7524106969715184e-90	0.0	0.026224030106946176	7.168782432180258e-39	1.5525677928191503e-50	3.571950525371115e-85
VerCL	1.4400485983473392e-41	5.07300990580208e-07	3.781764782098936e-05	0.026224030106946176	0.0	0.29798191656072787	1.8151565967476873e-06	1.8040840897181585e-09
VerMES	2.11817044433572e-08	7.950966016358638e-29	4.704130489494118e-53	7.168782432180258e-39	0.29798191656072787	0.0	4.3166847167835238e-19	5.942265429703082e-60
VerNL	1.1550926982769581e-07	5.087305187645315e-24	5.6723785218611007e-36	1.5525677928191503e-50	1.8151565967476873e-06	4.3166847167835238e-19	0.0	6.483377107474843e-32
VerPN	0.0009790897675476008	2.0664486348370655e-28	1.4183248127933997e-143	3.571950525371115e-85	1.8040840897181585e-09	5.942265429703082e-60	6.483377107474843e-32	0.0
