	NefAC	NefMES	NefNPC	NefOPC	VerCL	VerMES	VerNL	VerPN
NefAC	1.0	0.2809569961388754	0.15760078785699771	0.3247587187944537	0.5841196792296509	0.1322144409185412	0.25731722186615813	-0.03631629957324413
NefMES	0.2809569961388754	1.0	-0.5340768473214426	-0.4617540760657173	0.5084940050960591	0.8158184177205297	-0.3324190648887777	-0.6784599271544919
NefNPC	0.15760078785699771	-0.5340768473214426	1.0	0.8034168607650342	-0.2607565928311266	-0.6770305294586609	0.43897953760297637	0.9316005690078317
NefOPC	0.3247587187944537	-0.4617540760657173	0.8034168607650342	1.0	-0.23191961982773443	-0.5187481827703178	0.625310375013678	0.7802330743618202
VerCL	0.5841196792296509	0.5084940050960591	-0.2607565928311266	-0.23191961982773443	1.0	0.38460849447405854	-0.3103101405324288	-0.3985013521752044
VerMES	0.1322144409185412	0.8158184177205297	-0.6770305294586609	-0.5187481827703178	0.38460849447405854	1.0	-0.31262509574651015	-0.7694874239889951
VerNL	0.25731722186615813	-0.3324190648887777	0.43897953760297637	0.625310375013678	-0.3103101405324288	-0.31262509574651015	1.0	0.41106688968438826
VerPN	-0.03631629957324413	-0.6784599271544919	0.9316005690078317	0.7802330743618202	-0.3985013521752044	-0.7694874239889951	0.41106688968438826	1.0
