Name,BIOCARTA_CC,FAO,G2M,GLYC,KEGG_CC,NefAC,NefMES,NefNPC,NefOPC,OXPHOS,PD-L1,VerCL,VerMES,VerNL,VerPN,WP_CC
GSM5946863,2.470243167217225,2.204871921050265,2.4564130053462914,2.235764561216333,2.3688712074205185,2.6803184482628453,2.6732862849420163,2.5893793015737048,2.7438091005561986,2.683885976866148,1.8906845705822568,2.1759292119336027,2.240753479212332,2.237087921319945,2.401600886045127,2.3668347765722486
GSM5946864,2.4469794089737924,2.2526412470360553,2.439504879681614,2.165693997507074,2.3299671423950494,2.7203371701095533,2.560113024788843,2.61454502604511,2.777215271919096,2.6970291524264147,1.8767720962752257,2.1935454194294217,2.022725621152735,2.3388090638203067,2.4408094598724186,2.3284437338753525
GSM5946865,2.4944275800256506,2.2519627115904064,2.4677379844992875,2.2267317116435574,2.359674005565671,2.6822565617196243,2.617588627032652,2.5419966645722214,2.7262563169819867,2.7124027386376204,1.7772152719190961,2.1790796671619397,2.085727507644877,2.1739575711664982,2.3892085545666677,2.3565878413513306
GSM5946866,2.3709335124925945,2.24540837029301,2.35889143307238,2.1464291876291353,2.2544205955080163,2.720370217789629,2.5434910569662517,2.615591358302178,2.6995002404077484,2.7000387005296,1.877006453121464,2.1544651817139475,2.012265913946455,2.3749979371576107,2.4052761517814276,2.249068330545527
GSM5946867,2.3906143639503528,2.259384777632238,2.345040157294773,2.227392122593601,2.251949032083791,2.738843361692237,2.6312282211425777,2.575639143765285,2.7438918381628996,2.7324896515543347,1.8873393603144555,2.1644786626780688,2.1238994809245653,2.311884698886258,2.369270063505499,2.2492044030475173
GSM5946868,2.405546518635181,2.217799774634006,2.3698136014810807,2.1480371168815537,2.292365158453315,2.728070345143829,2.5534397968802973,2.6065789232426595,2.7603200613843746,2.6833509776565703,1.8727352682745937,2.193867845573459,2.037232470926658,2.3131120632824786,2.410054908552727,2.2934567460338426
