""	NefMES	NefAC	NefOPC	NefNPC	VerPN	VerNL	VerCL	VerMES	OXPHOS	GLYC	FAO	G2M	KEGG_CC	WP_CC	BIOCARTA_CC	PD.L1
CD274	0.0217111270981974	0.00287628081197065	-0.00196901957804124	0.0138197165718956	0.00754901315755424	0.0160625453291625	-0.0166993142170203	0.0023033546367623	0.00980796896419233	0.011802206934351	0.0132329583340265	0.0105608507452999	-0.00123821947911508	-0.00157661174248965	-0.00385455463583054	0.0308526366781237
LAG3	0.0325584501340613	-0.027913596730231	-0.0382606507257796	-0.0306270472176773	-0.0313357814384891	-0.000914734791399915	-0.0421155390981475	0.0330687758028175	-0.000209888004469564	-0.0191819980858259	0.0184452687846524	-0.0235193202360639	-0.0364817453837084	-0.0355148369252152	-0.0375597471109267	0.0659353508216031
HAVCR2	0.0439317368306409	-0.0531033736099236	-0.0506259946382806	-0.0392096085629731	-0.0399298889457301	-0.0128159169392974	-0.0433287116250277	0.0475634513511451	-0.0150345296604083	-0.0130398223199712	0.024144289739815	-0.0270188383166944	-0.0282704084826254	-0.0300068347939036	-0.0326938633309278	0.0891837316960445
CD47	0.161933629429382	0.281433091799539	0.254769468397493	0.222432328804823	0.14964746215059	0.174104384652031	0.00420678755845245	-0.145767912152513	0.200137208408161	0.113599759104173	0.0292408450188221	0.0367405959820662	0.113019169102846	0.124169499977621	0.113673307028918	-0.138271392675774
LGALS9	0.104166795810007	0.0246552855675994	0.0148426315654203	-0.00920884273436602	-0.045174208574683	0.0524815529865485	-0.0406152560692331	0.0216355627201566	0.0581968566107165	0.0638757645932822	0.0422480507531787	-0.0340929302303731	0.0120801766479914	0.0152308975965537	0.016447619078525	0.123280148863156
CD276	0.183017762813077	0.18494241520035	0.122726930534244	0.131333797804849	0.0335524965347601	0.154469334262592	-0.0274473509622939	-0.141881506242871	0.217261552516151	0.115450876235191	0.000183628201731808	0.0802166909483545	0.144536195142033	0.153134784304023	0.157048395520504	-0.0994931692550589
