""	NefMES	NefAC	NefOPC	NefNPC	VerPN	VerNL	VerCL	VerMES	OXPHOS	GLYC	FAO	G2M	KEGG_CC	WP_CC	BIOCARTA_CC	PD.L1
CD274	0.0611050377355245	0.804079972849938	0.865150374387855	0.233275986451929	0.514990298789009	0.165920556292869	0.149765058455863	0.842530992103151	0.397594202560806	0.30870774807756	0.2537245213395	0.362366857740259	0.914953650434965	0.891838905108847	0.739554016384303	0.00777765040510559
LAG3	0.00497257919240029	0.0160434390067684	0.000963185715923348	0.00823930648904415	0.00686603750765818	0.937117803092271	0.000279125620727738	0.0043328486535749	0.985557357855279	0.0980184520105674	0.111614161330377	0.0424842412895693	0.00164684790797046	0.00218394965328242	0.00119299731296481	1.24896347258413e-08
HAVCR2	0.000150163346584061	4.57855297516571e-06	1.24743300329869e-05	0.000716981801791259	0.000570644132578241	0.268996509452976	0.000184962668778501	4.05163046298928e-05	0.194716378871172	0.260720434677646	0.037281328751314	0.0197685424825811	0.0147394682118179	0.00963740952689847	0.00479499129205467	1.28641298041056e-14
CD47	6.77136139898241e-45	1.66320670262325e-135	1.42168033758038e-110	4.48041826912083e-84	1.59389156261495e-38	1.00173512519212e-51	0.716736874482993	1.27748945281153e-36	4.25519368126364e-68	8.40839082397905e-23	0.0116534927413226	0.00152529855708942	1.38737911198027e-22	5.87229964756254e-27	7.89010306869325e-23	4.35951269408168e-33
LGALS9	2.08776161060867e-19	0.0334399254804019	0.200475127083019	0.427050198719036	9.69431285807034e-05	5.91278385839729e-06	0.000457672959788942	0.0620112689617706	5.07258302911059e-07	3.4935883577241e-08	0.00026699268412213	0.00326881053507956	0.297451618429376	0.188950060771739	0.156001236810371	1.35798561959123e-26
CD276	4.65411997835068e-57	3.01481014913212e-58	2.28052948532318e-26	5.48046912568717e-30	0.003796318552676	5.80735948547751e-41	0.0178995000175857	9.16098248770547e-35	3.31619994082789e-80	1.67423191227659e-23	0.987364164139801	4.22042237955953e-12	5.01229469431316e-36	2.79832277591092e-40	2.6716357607165e-42	7.81262096831916e-18
