Name,NefAC,NefMES,NefNPC,NefOPC,VerCL,VerMES,VerNL,VerPN
tpm_x2907NC1,0.39732892810193954,1.055641493397885,0.10827429206585412,0.3144661242481233,0.3264897084763677,0.45580604925910734,0.19651266024621758,0.08700811432058701
tpm_x2907NC2,0.39766876978850646,1.0558146113197016,0.10722567677699352,0.31939990260979695,0.3431227269595207,0.4619164287446022,0.20152381450976836,0.08358135752505153
tpm_x2907cxcl8sh1,0.937867400461086,1.0835813575250515,0.47408706275767065,0.8468526267805477,0.40212225747356184,0.3356706872597042,0.30865564568916604,0.35950002133021336
tpm_x2907cxcl8sh2,0.8964206154425374,1.0795196207518798,0.4583292046850637,0.8148250852168736,0.38716082133739327,0.33405522637813695,0.30861126388494,0.3586811988592058
