Name,BIOCARTA_CC,FAO,G2M,GLYC,KEGG_CC,NefAC,NefMES,NefNPC,NefOPC,OXPHOS,PD-L1,VerCL,VerMES,VerNL,VerPN,WP_CC
tpm_x2907NC1,0.4261252184488422,0.3763622749829422,0.5213771346141672,0.32156490765035456,0.4430310052137054,0.17885273515460465,0.47518404798470454,0.04873834224810873,0.14155306210378604,0.600164175295736,-0.3297778536465619,0.14696533081489171,0.20517549275720065,0.08845775953299381,0.03916563362557127,0.442173464045208
tpm_x2907NC2,0.41717135265405114,0.38013603836587684,0.5184840031816497,0.32430165222144736,0.44033448443849493,0.17900571071430627,0.47526197489017574,0.04826632095976816,0.143773941813822,0.5985680359692475,-0.34050167133022174,0.15445247972146658,0.2079260050066711,0.09071346905457128,0.037623121157327556,0.4397238103276122
tpm_x2907cxcl8sh1,0.4129111013552333,0.38311538500032916,0.49586343845849,0.33930511345747877,0.42948669230970227,0.42216948709500546,0.4877608345349898,0.21340446637167015,0.3812003049868626,0.6091315719997205,-0.378543160450743,0.18101039347741268,0.15109803561099164,0.1389375465716271,0.16182451756080304,0.43117306002355515
tpm_x2907cxcl8sh2,0.41481982190552225,0.39848487840108177,0.508124295029156,0.33789116684204457,0.4370189655423385,0.4035127260599005,0.4859324936315723,0.20631126017113713,0.36678350066228227,0.6185812763350237,-0.38141872366497626,0.17427568682623185,0.1503708557437119,0.1389175686477572,0.16145593468604147,0.4368993460871304
