Name,BIOCARTA_CC,FAO,G2M,GLYC,KEGG_CC,NefAC,NefMES,NefNPC,NefOPC,OXPHOS,VerCL,VerMES,VerNL,VerPN,WP_CC
tpm_x2907NC1,0.7334869381745824,0.6478302638988265,0.8974435249208181,0.5535078641799913,0.7625867737035152,0.3078582055533749,0.817931625108802,0.08389303397109775,0.2436544884381382,1.03305921424266,0.2529705960835335,0.3531674199399855,0.15226184320613845,0.06741558454169867,0.7611106929206659
tpm_x2907NC2,0.7180746994186734,0.654326021552457,0.892463594082886,0.5582186071942722,0.7579452676825081,0.3081215215225859,0.8180657602522313,0.08308054638634874,0.24747727617292206,1.0303117886109459,0.2658581833216966,0.35790186118150513,0.15614458329933417,0.06476046651900406,0.7568941177753414
tpm_x2907cxcl8sh1,0.7107415528557944,0.6594543541318337,0.8535269434453874,0.5840439805061286,0.7392730241962716,0.7266779600776542,0.8395799769534171,0.36733190586918724,0.6561579376922008,1.0484947436763445,0.3115721706704462,0.260084197569747,0.2391524162856973,0.27854763052823694,0.7421757594429041
tpm_x2907cxcl8sh2,0.7140270227872823,0.6859097765469844,0.8746314867957012,0.5816101621616702,0.7522382836827012,0.6945641824005021,0.8364328640553148,0.355122409991875,0.6313423736174169,1.064760466519004,0.29997975804802435,0.2588325069603651,0.23911802839787463,0.2779131909021182,0.7520323833882617
