	NefAC	NefMES	NefNPC	NefOPC	VerCL	VerMES	VerNL	VerPN
NefAC	1.0	0.08785425101214575	0.027530364372469637	0.14979757085020243	0.5137651821862348	-0.08805668016194332	0.08421052631578947	-0.025303643724696356
NefMES	0.08785425101214575	1.0	-0.45587044534412957	-0.5951417004048583	0.4093117408906883	0.49008097165991904	-0.342914979757085	-0.5246963562753036
NefNPC	0.027530364372469637	-0.45587044534412957	1.0	0.7293522267206478	-0.33157894736842103	-0.5257085020242915	0.05242914979757085	0.9631578947368421
NefOPC	0.14979757085020243	-0.5951417004048583	0.7293522267206478	1.0	-0.4888663967611336	-0.42591093117408907	0.46497975708502026	0.7554655870445344
VerCL	0.5137651821862348	0.4093117408906883	-0.33157894736842103	-0.4888663967611336	1.0	0.06437246963562752	-0.46963562753036436	-0.3718623481781376
VerMES	-0.08805668016194332	0.49008097165991904	-0.5257085020242915	-0.42591093117408907	0.06437246963562752	1.0	0.1597165991902834	-0.6228744939271255
VerNL	0.08421052631578947	-0.342914979757085	0.05242914979757085	0.46497975708502026	-0.46963562753036436	0.1597165991902834	1.0	0.02165991902834008
VerPN	-0.025303643724696356	-0.5246963562753036	0.9631578947368421	0.7554655870445344	-0.3718623481781376	-0.6228744939271255	0.02165991902834008	1.0
