Name,BIOCARTA_CC,FAO,G2M,GLYC,KEGG_CC,NefAC,NefMES,NefNPC,NefOPC,OXPHOS,PD-L1,VerCL,VerMES,VerNL,VerPN,WP_CC
Erlotinib_1,0.9340769422115104,0.816092565465889,0.9671525046769899,0.846342841603002,0.943361623452395,0.8569478581931665,0.9495101631955115,0.6979477502742641,0.6067985658095254,1.0800146089187097,0.130698952757894,0.853928594723035,0.6098285663958168,0.5985272938522693,0.6632042417686108,0.943276156759195
Erlotinib_2,0.9568321689338475,0.8083556072910633,0.964507208965895,0.8501138336441978,0.9478175289161488,0.8585588511260254,0.9472254668922958,0.6923845911769588,0.6133141577325547,1.0743165067732718,0.15257498726308769,0.8498498376362008,0.604157107627392,0.5867106569085415,0.6521972380033664,0.9480865107714698
Erlotinib_3,0.8880219905430485,0.8076257413276979,0.9494702568833281,0.8390504280304071,0.9209976014537634,0.8548543462876171,0.9273881413403426,0.696273078777759,0.6266989657961676,1.0639605224724438,0.15275697091953974,0.8578254971447519,0.6073183952534226,0.5660490575453268,0.6521239734627214,0.9212977130683894
X456_1,0.9539426694492177,0.7990954943144318,0.994057944802025,0.8481059516552187,0.9624603718756175,0.8567899912769809,0.9422920082516032,0.7037795143855189,0.6111185851008948,1.0816143107162501,0.13788177941708613,0.8537172969902365,0.6229289560242476,0.5991836329165813,0.6748918129130334,0.9626307009400694
X456_2,0.9450988368223923,0.8061028649778089,1.00549136217134,0.8567761181698073,0.9681066971949845,0.8721743976269717,0.9474819116837621,0.7133185455072892,0.6225568664954014,1.0629743629886421,0.16433872746213504,0.8495369091884385,0.5807548026536498,0.5803666426703038,0.6553328631049661,0.9682755715461902
X456_3,0.9301436396584408,0.7776226956382672,0.9733192875284999,0.8229279706341037,0.9362271608263181,0.8247701813115024,0.9117402133022838,0.6582563515798715,0.5827332158476712,1.045281225174074,0.08161431071625024,0.8181982476805739,0.5207681540740688,0.4982131096579385,0.6100705662735323,0.936090954640191
