Name,BIOCARTA_CC,FAO,G2M,GLYC,KEGG_CC,NefAC,NefMES,NefNPC,NefOPC,OXPHOS,VerCL,VerMES,VerNL,VerPN,WP_CC
X387_shALKBH1.1008_Hypoxia1,0.8280529068296042,0.8627517225715384,1.1882133032716127,0.8359355556451369,1.075912204278604,0.8281590562588431,1.0251995581309576,0.6471413355717948,0.39503628503145805,1.3435077455828983,0.7054049111112599,0.39264720426025584,0.39492878108555735,0.5799620825301279,1.0719263909835752
X387_shALKBH1.1551_Hypoxia1,0.8503571799760539,0.858252308850217,1.1856218094738382,0.8201417010511368,1.0827452195241263,0.7522048847680801,1.0326121944743618,0.6181504735987782,0.3578571985448374,1.349092187299645,0.690396353286878,0.39832419316094825,0.4066073912985816,0.5451110976159256,1.07741451002191
X387_shALKBH1.1551_Hypoxia2,0.8716451520725841,0.8518751328185497,1.1834712952949307,0.8201451414790905,1.0826962044199413,0.7411631371133856,1.020245538334866,0.6116703500943019,0.3501839239882487,1.3484626119817493,0.6949645273277246,0.3875867026380224,0.3984236567429133,0.5465648991656624,1.077280592484975
X387_shALKBH1_4_Hypoxia2,0.8502867860554774,0.8630487246759359,1.1775829212473181,0.8369188845175094,1.0795747493907644,0.8300679088863169,1.0239562512719518,0.6268254372727152,0.3929993261355893,1.3494766001782645,0.7104590682801368,0.4070651566854937,0.4012689634746524,0.5634484490758206,1.0759239598530095
X387_shCONT_Hypoxia1,0.8413429799650687,0.8620221603599336,1.187139376125095,0.8344948044445987,1.0838460738615177,0.8081565801814532,1.0289722872519007,0.6461031551873408,0.4045626233027757,1.3501839239882487,0.7054899042793654,0.3785102848396515,0.4020084312274601,0.5645895245607224,1.0778427122642615
X387_shCONT_Hypoxia2,0.8332376117129471,0.8582695650201856,1.1811345835907383,0.8365499202338098,1.077222886055746,0.8019319455616358,1.0337279826294068,0.6351437213697089,0.380816832736894,1.3455919742852802,0.705680575671504,0.3827421407913759,0.39684250657768533,0.5659349488506316,1.0717111694439116
