	NefAC	NefMES	NefNPC	NefOPC	VerCL	VerMES	VerNL	VerPN
NefAC	0.0	0.0012782287404482177	3.738432492445406e-05	2.0288256872133563e-08	2.441979538104632e-10	1.2430110558550767e-07	0.41325278844362945	4.996783934529809e-07
NefMES	0.0012782287404482177	0.0	5.379363971528679e-07	1.6079829668601585e-06	0.1287662226731621	6.611232836997668e-10	0.07131888151686552	4.198406501585536e-07
NefNPC	3.738432492445406e-05	5.379363971528679e-07	0.0	2.9497129523417124e-14	0.02121746529909889	1.7208270932514713e-08	0.04935561207437315	1.0964291247237323e-18
NefOPC	2.0288256872133563e-08	1.6079829668601585e-06	2.9497129523417124e-14	0.0	0.0004350291965840426	1.1091605619589047e-08	0.17666752543395825	2.678445187519142e-20
VerCL	2.441979538104632e-10	0.1287662226731621	0.02121746529909889	0.0004350291965840426	0.0	0.003357800077645299	0.31288317343017547	0.0014542817713486442
VerMES	1.2430110558550767e-07	6.611232836997668e-10	1.7208270932514713e-08	1.1091605619589047e-08	0.003357800077645299	0.0	0.9804525192051992	8.39442352179149e-09
VerNL	0.41325278844362945	0.07131888151686552	0.04935561207437315	0.17666752543395825	0.31288317343017547	0.9804525192051992	0.0	0.07293427541465132
VerPN	4.996783934529809e-07	4.198406501585536e-07	1.0964291247237323e-18	2.678445187519142e-20	0.0014542817713486442	8.39442352179149e-09	0.07293427541465132	0.0
