	NefAC	NefMES	NefNPC	NefOPC	VerCL	VerMES	VerNL	VerPN
NefAC	1.0	-0.5604004449388209	0.678754171301446	0.825139043381535	0.8754171301446051	-0.7984427141268076	-0.15506117908787542	0.774860956618465
NefMES	-0.5604004449388209	1.0	-0.7735261401557286	-0.7526140155728588	-0.2836484983314794	0.8656284760845384	-0.3339265850945495	-0.7779755283648498
NefNPC	0.678754171301446	-0.7735261401557286	1.0	0.9363737486095662	0.4189098998887653	-0.8273637374860957	0.3619577308120133	0.9697441601779755
NefOPC	0.825139043381535	-0.7526140155728588	0.9363737486095662	1.0	0.6017797552836485	-0.8331479421579533	0.25339265850945497	0.9768631813125696
VerCL	0.8754171301446051	-0.2836484983314794	0.4189098998887653	0.6017797552836485	1.0	-0.5181312569521691	-0.1906562847608454	0.5550611790878754
VerMES	-0.7984427141268076	0.8656284760845384	-0.8273637374860957	-0.8331479421579533	-0.5181312569521691	1.0	0.0046718576195773085	-0.8367074527252503
VerNL	-0.15506117908787542	-0.3339265850945495	0.3619577308120133	0.25339265850945497	-0.1906562847608454	0.0046718576195773085	1.0	0.332146829810901
VerPN	0.774860956618465	-0.7779755283648498	0.9697441601779755	0.9768631813125696	0.5550611790878754	-0.8367074527252503	0.332146829810901	1.0
