	NefAC	NefMES	NefNPC	NefOPC	VerCL	VerMES	VerNL	VerPN
NefAC	0.0	0.30882215110257477	0.2997148281762426	0.17951402442484957	9.830502457922489e-08	0.9952102970293935	0.747561518682611	0.2358441194269228
NefMES	0.30882215110257477	0.0	1.0402780948142772e-07	0.016577233095940346	0.07083888205509593	6.100457481796883e-10	0.0013962455853425164	9.28730483984559e-08
NefNPC	0.2997148281762426	1.0402780948142772e-07	0.0	0.00022350905796586758	0.0027102715515748247	1.0017962314178332e-07	0.0012837169230507542	1.6232807794696177e-17
NefOPC	0.17951402442484957	0.016577233095940346	0.00022350905796586758	0.0	0.0963656932796999	0.014956432415276038	1.911742992682625e-05	6.81902390800405e-06
VerCL	9.830502457922489e-08	0.07083888205509593	0.0027102715515748247	0.0963656932796999	0.0	0.2161045467027687	0.07774316099158182	0.0003857375181777329
VerMES	0.9952102970293935	6.100457481796883e-10	1.0017962314178332e-07	0.014956432415276038	0.2161045467027687	0.0	0.0004476436024787436	5.5018980145534274e-08
VerNL	0.747561518682611	0.0013962455853425164	0.0012837169230507542	1.911742992682625e-05	0.07774316099158182	0.0004476436024787436	0.0	0.0006293366347163578
VerPN	0.2358441194269228	9.28730483984559e-08	1.6232807794696177e-17	6.81902390800405e-06	0.0003857375181777329	5.5018980145534274e-08	0.0006293366347163578	0.0
