""	BIOCARTA_CC	FAO	G2M	GLYC	KEGG_CC	NefAC	NefMES	NefNPC	NefOPC	OXPHOS	PD.L1	VerCL	VerMES	VerNL	VerPN	WP_CC
CTLA4	-0.238095238095238	-0.0952380952380953	-0.166666666666667	-0.214285714285714	-0.238095238095238	0.142857142857143	0.261904761904762	-0.142857142857143	-0.214285714285714	-0.452380952380953	0.952380952380953	-0.5	0.880952380952381	-0.214285714285714	-0.0714285714285714	-0.238095238095238
CD274	-0.619047619047619	-0.0952380952380953	-0.547619047619048	-0.642857142857143	-0.619047619047619	0.571428571428572	-0.333333333333333	0.428571428571429	0.357142857142857	-0.142857142857143	0.833333333333334	-0.523809523809524	0.523809523809524	0.261904761904762	0.428571428571429	-0.619047619047619
LAG3	-0.642857142857143	-0.333333333333333	-0.714285714285714	-0.690476190476191	-0.642857142857143	0.523809523809524	-0.595238095238095	0.690476190476191	0.523809523809524	-0.214285714285714	0.214285714285714	-0.214285714285714	-0.119047619047619	0.380952380952381	0.833333333333334	-0.642857142857143
HAVCR2	-0.666666666666667	-0.214285714285714	-0.642857142857143	-0.571428571428572	-0.666666666666667	0.571428571428572	-0.119047619047619	0.166666666666667	0.261904761904762	-0.619047619047619	0.785714285714286	-0.761904761904762	0.5	0.261904761904762	0.30952380952381	-0.666666666666667
CD47	-0.404761904761905	0.190476190476191	-0.30952380952381	-0.333333333333333	-0.404761904761905	0.428571428571429	0.238095238095238	-0.333333333333333	0.261904761904762	-0.523809523809524	0.571428571428572	-0.523809523809524	0.380952380952381	0.285714285714286	-0.285714285714286	-0.404761904761905
CD276	0.952380952380953	0.404761904761905	0.904761904761905	0.928571428571429	0.952380952380953	-0.976190476190476	0.690476190476191	-0.619047619047619	-0.80952380952381	0.166666666666667	-0.119047619047619	0.619047619047619	0.30952380952381	-0.952380952380953	-0.642857142857143	0.952380952380953
