	NefAC	NefMES	NefNPC	NefOPC	VerCL	VerMES	VerNL	VerPN
NefAC	1.0	0.09679030646772582	0.26075537365859947	0.5656665914730431	0.2968160871386678	0.011066353001836874	0.4253198414488737	0.10130192388256905
NefMES	0.09679030646772582	1.0	-0.6307466726821566	-0.3017079694499049	-0.014927008475395572	0.8237053269311334	-0.10337726789339692	-0.7574715606973671
NefNPC	0.26075537365859947	-0.6307466726821566	1.0	0.5943637008153138	0.12565176758725147	-0.6827914021462409	0.23688569495021108	0.9439947149624569
NefOPC	0.5656665914730431	-0.3017079694499049	0.5943637008153138	1.0	-0.196345589893977	-0.13053398214688539	0.6671006412941897	0.5529696110341271
VerCL	0.2968160871386678	-0.014927008475395572	0.12565176758725147	-0.196345589893977	1.0	-0.24841287744513552	-0.6113016016241822	0.08261738261738262
VerMES	0.011066353001836874	0.8237053269311334	-0.6827914021462409	-0.13053398214688539	-0.24841287744513552	1.0	0.058718700654184525	-0.7721697657181528
VerNL	0.4253198414488737	-0.10337726789339692	0.23688569495021108	0.6671006412941897	-0.6113016016241822	0.058718700654184525	1.0	0.1543714350165963
VerPN	0.10130192388256905	-0.7574715606973671	0.9439947149624569	0.5529696110341271	0.08261738261738262	-0.7721697657181528	0.1543714350165963	1.0
