	NefAC	NefMES	NefNPC	NefOPC	VerCL	VerMES	VerNL	VerPN
NefAC	0.0	0.2308817461624974	0.0010492343256397663	1.7319338313444605e-14	0.00017662795652828445	0.8912964398193854	3.456885837671172e-08	0.2097624119513569
NefMES	0.2308817461624974	0.0	1.4215810498582982e-18	0.00013611552128775788	0.8537422435121154	1.5564135614948506e-39	0.20052718501559516	3.9424005620203955e-30
NefNPC	0.0010492343256397663	1.4215810498582982e-18	0.0	3.550147130590601e-16	0.11926406272594002	1.3051197765953682e-22	0.0030004776435650833	1.4396818092874887e-75
NefOPC	1.7319338313444605e-14	0.00013611552128775788	3.550147130590601e-16	0.0	0.01434210390532671	0.1054656189342631	2.6199096219808987e-21	8.605719093878511e-14
VerCL	0.00017662795652828445	0.8537422435121154	0.11926406272594002	0.01434210390532671	0.0	0.001828970470224796	2.967944285585805e-17	0.30678064261072835
VerMES	0.8912964398193854	1.5564135614948506e-39	1.3051197765953682e-22	0.1054656189342631	0.001828970470224796	0.0	0.4679914551255082	6.126614882362732e-32
VerNL	3.456885837671172e-08	0.20052718501559516	0.0030004776435650833	2.6199096219808987e-21	2.967944285585805e-17	0.4679914551255082	0.0	0.05512820953479198
VerPN	0.2097624119513569	3.9424005620203955e-30	1.4396818092874887e-75	8.605719093878511e-14	0.30678064261072835	6.126614882362732e-32	0.05512820953479198	0.0
