	NefAC	NefMES	NefNPC	NefOPC	VerCL	VerMES	VerNL	VerPN
NefAC	0.0	0.9712392640050467	0.45326292599857276	0.7059069984584769	5.8560390290132686e-33	0.13062301344667404	0.27888264392400003	0.1663664664662071
NefMES	0.9712392640050467	0.0	4.628052471529436e-09	6.068036726189467e-09	0.04632922659511938	1.5655298015590183e-27	0.0025476411984302664	1.5776912717689314e-12
NefNPC	0.45326292599857276	4.628052471529436e-09	0.0	2.1688501672005753e-42	0.0013158200673392547	9.518015266479427e-15	7.646416679177417e-09	2.536875933829281e-90
NefOPC	0.7059069984584769	6.068036726189467e-09	2.1688501672005753e-42	0.0	4.52273521828035e-05	1.0016428235732676e-09	3.533367712115218e-13	1.5225106370387025e-55
VerCL	5.8560390290132686e-33	0.04632922659511938	0.0013158200673392547	4.52273521828035e-05	0.0	0.9544842400124854	1.7883083515745806e-09	4.092023861694054e-05
VerMES	0.13062301344667404	1.5655298015590183e-27	9.518015266479427e-15	1.0016428235732676e-09	0.9544842400124854	0.0	0.18956001864504	1.9781497413713617e-17
VerNL	0.27888264392400003	0.0025476411984302664	7.646416679177417e-09	3.533367712115218e-13	1.7883083515745806e-09	0.18956001864504	0.0	1.299875459606117e-07
VerPN	0.1663664664662071	1.5776912717689314e-12	2.536875933829281e-90	1.5225106370387025e-55	4.092023861694054e-05	1.9781497413713617e-17	1.299875459606117e-07	0.0
