	NefAC	NefMES	NefNPC	NefOPC	VerCL	VerMES	VerNL	VerPN
NefAC	0.0	0.704	0.26570262390670557	0.26570262390670557	0.26570262390670557	0.46847813411078715	0.07239650145772594	0.004804664723032055
NefMES	0.704	0.0	0.46847813411078715	0.8717434402332361	0.46847813411078715	0.20799999999999982	0.9571545189504373	0.6227871720116618
NefNPC	0.26570262390670557	0.46847813411078715	0.0	0.5440932944606414	0.0	0.7871720116618075	0.07239650145772594	0.07239650145772594
NefOPC	0.26570262390670557	0.8717434402332361	0.5440932944606414	0.0	0.5440932944606414	0.3287230320699709	0.07239650145772594	0.3965014577259474
VerCL	0.26570262390670557	0.46847813411078715	0.0	0.5440932944606414	0.0	0.7871720116618075	0.07239650145772594	0.07239650145772594
VerMES	0.46847813411078715	0.20799999999999982	0.7871720116618075	0.3287230320699709	0.7871720116618075	0.0	0.6227871720116618	0.6227871720116618
VerNL	0.07239650145772594	0.9571545189504373	0.07239650145772594	0.07239650145772594	0.07239650145772594	0.6227871720116618	0.0	0.04156268221574334
VerPN	0.004804664723032055	0.6227871720116618	0.07239650145772594	0.3965014577259474	0.07239650145772594	0.6227871720116618	0.04156268221574334	0.0
