	NefAC	NefMES	NefNPC	NefOPC	VerCL	VerMES	VerNL	VerPN
NefAC	1.0	0.39545677690007586	0.11134913196768867	0.6316074696045241	0.5077941204598053	0.06063793839935224	0.38178757913662187	0.1833674425721554
NefMES	0.39545677690007586	1.0	-0.3925367710345619	0.08149876632939962	0.03340155181097744	0.5284636816301028	0.39526551014032607	-0.2523382361379416
NefNPC	0.11134913196768867	-0.3925367710345619	1.0	0.6028919534074173	-0.09678735599206881	-0.4739399039840866	0.3007032241200135	0.9623842039158681
NefOPC	0.6316074696045241	0.08149876632939962	0.6028919534074173	1.0	0.015358720807910793	0.033554565218777296	0.6825481832845604	0.6723727916658697
VerCL	0.5077941204598053	0.03340155181097744	-0.09678735599206881	0.015358720807910793	1.0	-0.16128250737970914	-0.37430267327174543	-0.17301353531103164
VerMES	0.06063793839935224	0.5284636816301028	-0.4739399039840866	0.033554565218777296	-0.16128250737970914	1.0	0.41495323527724115	-0.39001204980586424
VerNL	0.38178757913662187	0.39526551014032607	0.3007032241200135	0.6825481832845604	-0.37430267327174543	0.41495323527724115	1.0	0.4390655981230355
VerPN	0.1833674425721554	-0.2523382361379416	0.9623842039158681	0.6723727916658697	-0.17301353531103164	-0.39001204980586424	0.4390655981230355	1.0
