Name,NefAC,NefMES,NefNPC,NefOPC,VerCL,VerMES,VerNL,VerPN
X387_shALKBH1.1008_Hypoxia1,1.2115664612829355,1.4998295211123467,0.9467441452980669,0.5779236613024843,1.031981628972915,0.5744285233651412,0.577766386954852,0.8484633509697321
X387_shALKBH1.1551_Hypoxia1,1.1004482816563654,1.51067393743006,0.9043315727557079,0.5235320152679472,1.010024656873387,0.5827337508467141,0.5948517672831378,0.7974776325312105
X387_shALKBH1.1551_Hypoxia2,1.0842946079975746,1.492581971033512,0.8948513886731216,0.5123062947608558,1.0167077287004291,0.5670251942625616,0.5828792624354809,0.7996044911167813
X387_shALKBH1_4_Hypoxia2,1.2143590429802564,1.4980106085736618,0.9170227278674681,0.5749436648119609,1.0393756763718847,0.5955214613301054,0.5870418422952128,0.8243045081774542
X387_shCONT_Hypoxia1,1.1823035691188906,1.5053488860651238,0.9452253253020043,0.5918603463645349,1.032105970874554,0.5537467264247835,0.5881236566178737,0.8259738599485312
X387_shCONT_Hypoxia2,1.1731971559460634,1.5123062947608557,0.9291920737813655,0.5571211217809918,1.0323849161593943,0.5599377771671995,0.5805660974752425,0.8279421665600812
