Name,BIOCARTA_CC,FAO,G2M,GLYC,KEGG_CC,NefAC,NefMES,NefNPC,NefOPC,OXPHOS,PD-L1,VerCL,VerMES,VerNL,VerPN,WP_CC
X387_shALKBH1.1008_Hypoxia1,0.4488607660328729,0.46766987458849696,0.6440920973986713,0.4531336956446473,0.5832172947084271,0.4489183062138555,0.5557276053303175,0.35079443984859554,0.2141364253993115,0.7282722044444586,-0.2494275395038118,0.38237724444086296,0.21284138179010295,0.21407815097854618,0.3143787341212272,0.5810567139120617
X387_shALKBH1.1551_Hypoxia1,0.4609511929219629,0.4652308875708875,0.6426873322180355,0.4445723566128003,0.5869212518253248,0.4077460002928865,0.5597457563445596,0.3350794288802936,0.19398284209183683,0.7312993501330622,-0.26810885462980844,0.37424158945247105,0.2159186943213532,0.22040874879805977,0.2954871395666198,0.5840316461842738
X387_shALKBH1.1551_Hypoxia2,0.4724907157999392,0.4617740261854716,0.641521607861841,0.44457422155779835,0.5868946823186785,0.4017606251196939,0.5530421910261403,0.33156676299117377,0.18982340751097412,0.7309580776646785,-0.24719426227742508,0.37671784922094,0.21009824712330596,0.21597261032022835,0.2962751984839819,0.5839590538079679
X387_shALKBH1_4_Hypoxia2,0.460913034648677,0.4678308698473671,0.6383297102621827,0.45366672650206596,0.5852026422521832,0.4499530336395368,0.5550536487937914,0.33978184681503554,0.2130322556985157,0.7315077279525795,-0.2534466586273751,0.38511693998418106,0.22065688864581345,0.21751495930381776,0.3054272261908145,0.5832236670260523
X387_shCONT_Hypoxia1,0.45606488591339767,0.46727440245082474,0.6435099561397328,0.45235271090055357,0.5875179894457071,0.4380756092550016,0.5577726800704628,0.35023167575610475,0.21930034603612633,0.7318911453701915,-0.25573886672269,0.3824233164952314,0.2051782138594779,0.21791580091580207,0.3060457663976419,0.5842637608051316
X387_shCONT_Hypoxia2,0.45167122728045417,0.4652402415839065,0.6402549518343202,0.45346672286745004,0.5839277730144157,0.434701435647637,0.5603505891056949,0.34429092025836316,0.20642851906040008,0.72940199758234,-0.25287030434836066,0.3825266733054425,0.20747216644217523,0.2151155198269475,0.3067750774989338,0.5809400492589176
