Name,BIOCARTA_CC,FAO,G2M,GLYC,KEGG_CC,NefAC,NefMES,NefNPC,NefOPC,OXPHOS,PD-L1,VerCL,VerMES,VerNL,VerPN,WP_CC
GSM7089523_GSC04.ConSh.1,0.5485662289492975,0.4032662693285418,0.6664461917370632,0.450332073551457,0.5623822011413732,0.10790547833814394,0.5884426983196963,0.08756723439311989,-0.06869105389296616,0.7066527667585524,-0.24518780566686812,0.26967185086077466,0.30529253079111585,0.12462867136121573,0.07188870028922337,0.5653102080674602
GSM7089524_GSC04.ConSh.2,0.5701879862279484,0.4004397751880484,0.6665299643592615,0.4445573555749614,0.5661415513561922,0.1102551139178375,0.592025042803627,0.08651380467312837,-0.06930219230045141,0.7068373950341893,-0.2546769447563697,0.2697954881859011,0.3040794810618159,0.1233380840938757,0.06822161524721596,0.5690959271550583
GSM7089525_GSC04.ConSh.3,0.5632161942468307,0.4063876175992632,0.6646959448121145,0.4531103961783257,0.5692367260508081,0.12040318806923832,0.5886640450718504,0.08347344392587466,-0.0690892146603656,0.7066433331816255,-0.23507286280791495,0.2747717827477248,0.3023160132713223,0.12187010173513853,0.06949783969194721,0.5723996952108097
GSM7089526_GSC04.RCN3Sh.1,0.6415403164230185,0.4244846066098068,0.6728707885327778,0.46264152512465256,0.5901628872621745,0.6105334782486007,0.7124768948259057,0.2676251795384819,0.297740677040921,0.7153054607727445,-0.2846945392272555,0.47257534434887766,0.24673229403436298,0.06561604109491602,0.18094317557624576,0.5948053048553015
GSM7089527_GSC04.RCN3Sh.2,0.6421400536699134,0.42562573045825913,0.6740163617941324,0.46661404775855453,0.5882353591524438,0.6146077369921261,0.7125590038360368,0.27438943957465856,0.28133417034674413,0.7144960206862155,-0.2431833931395232,0.47294132960516827,0.2448748780782136,0.06017694811612974,0.17988433070022886,0.5929234812875626
GSM7089528_GSC04.RCN3Sh.3,0.6407484753241737,0.42606465607514343,0.6729543880957009,0.46353297795523474,0.5904114770723655,0.6172748609460407,0.7119282121005738,0.2667435334188837,0.286381210664324,0.7150759658331681,-0.25686459291912833,0.4701978514390171,0.2459376327587121,0.06969072354403147,0.18268775294192138,0.5950537481341914
