Name,NefAC,NefMES,NefNPC,NefOPC,VerCL,VerMES,VerNL,VerPN
GSM7089523_GSC04.ConSh.1,0.1380110419488155,0.7526178575269425,0.11199844016537357,-0.0878558166492955,0.34491013519194846,0.390468963416649,0.1593999957755411,0.0919456044684866
GSM7089524_GSC04.ConSh.2,0.1410162244432328,0.7571996739690842,0.11065110418656178,-0.08863746230520622,0.3450682672564855,0.3889174735418552,0.1577493354361901,0.08725540490348957
GSM7089525_GSC04.ConSh.3,0.15399560518440122,0.7529009598899294,0.10676248461792552,-0.08836506403152512,0.35143294501055955,0.3866619992975678,0.15587178688154754,0.08888769520135527
GSM7089526_GSC04.RCN3Sh.1,0.7808719517805829,0.9112575203201794,0.34229244380068075,0.38081014700842747,0.6044235814286159,0.31557045579646764,0.08392287712851469,0.23142621282442927
GSM7089527_GSC04.RCN3Sh.2,0.7860829262651309,0.9113625376947938,0.3509439283219766,0.35982623480604614,0.6048916763514731,0.31319482190476455,0.07696628047726357,0.23007195086431523
GSM7089528_GSC04.RCN3Sh.3,0.7894941761993826,0.9105557554442101,0.3411648189435388,0.36628139633921786,0.6013827694256557,0.3145540845024609,0.0891343935322577,0.23365752622672667
