	NefAC	NefMES	NefNPC	NefOPC	VerCL	VerMES	VerNL	VerPN
NefAC	0.0	0.09683339040912477	0.1444763645411904	0.08824261183658955	2.9929244804533257e-09	0.6670497938796307	0.6670497938796307	0.25686877634138
NefMES	0.09683339040912477	0.0	0.01727299992019454	0.055496583957222304	0.0017943545591430096	3.9994994910626664e-07	1.3760757544294391e-05	0.004945259357581994
NefNPC	0.1444763645411904	0.01727299992019454	0.0	5.189188689614812e-09	0.6647181919662448	9.968288388085758e-06	3.951562183658313e-06	3.998174155403944e-16
NefOPC	0.08824261183658955	0.055496583957222304	5.189188689614812e-09	0.0	0.7736226328136039	0.004202055985594186	0.0015318763303488212	3.923477521898285e-12
VerCL	2.9929244804533257e-09	0.0017943545591430096	0.6647181919662448	0.7736226328136039	0.0	0.09717609736420724	0.033977078238143575	0.6086042348066975
VerMES	0.6670497938796307	3.9994994910626664e-07	9.968288388085758e-06	0.004202055985594186	0.09717609736420724	0.0	2.006723854937871e-08	7.325517788627679e-06
VerNL	0.6670497938796307	1.3760757544294391e-05	3.951562183658313e-06	0.0015318763303488212	0.033977078238143575	2.006723854937871e-08	0.0	0.00013784125751899111
VerPN	0.25686877634138	0.004945259357581994	3.998174155403944e-16	3.923477521898285e-12	0.6086042348066975	7.325517788627679e-06	0.00013784125751899111	0.0
