""	BIOCARTA_CC	FAO	G2M	GLYC	KEGG_CC	NefAC	NefMES	NefNPC	NefOPC	OXPHOS	PD.L1	VerCL	VerMES	VerNL	VerPN	WP_CC
CTLA4	-0.200831604418561	0.182574185835055	-0.146059348668044	-0.365148371670111	-0.0730296743340221	0.182574185835055	0.0912870929175277	0.620752231839188	-0.0912870929175277	0.127801930084539	-0.0912870929175277	0.200831604418561	0.182574185835055	-0.292118697336089	-0.146059348668044	-0.0730296743340221
CD274	0.416666666666667	-0.416666666666667	0.4	-0.0666666666666667	0.416666666666667	-0.45	-0.433333333333333	-0.466666666666667	0.4	-0.433333333333333	-0.05	-0.45	-0.5	0.4	0.4	0.433333333333333
LAG3	-0.416666666666667	0.416666666666667	-0.4	0	-0.466666666666667	0.4	0.483333333333333	0.466666666666667	-0.45	0.433333333333333	0.15	0.4	0.5	-0.383333333333333	-0.4	-0.483333333333333
HAVCR2	-0.633333333333333	0.6	-0.583333333333333	0.2	-0.55	0.616666666666667	0.566666666666667	0.1	-0.533333333333333	0.516666666666667	0.316666666666667	0.583333333333333	0.616666666666667	-0.55	-0.583333333333333	-0.566666666666667
CD47	-0.433333333333333	0.433333333333333	-0.45	-0.0333333333333333	-0.433333333333333	0.45	0.416666666666667	0.483333333333333	-0.45	0.516666666666667	0.1	0.5	0.45	-0.516666666666667	-0.45	-0.416666666666667
LGALS9	0.416666666666667	-0.366666666666667	0.416666666666667	-0.0166666666666667	0.416666666666667	-0.383333333333333	-0.45	-0.516666666666667	0.366666666666667	-0.433333333333333	-0.0333333333333333	-0.516666666666667	-0.483333333333333	0.466666666666667	0.416666666666667	0.383333333333333
CD276	0.383333333333333	-0.35	0.3	0.116666666666667	0.266666666666667	-0.366666666666667	-0.233333333333333	-0.433333333333333	0.316666666666667	-0.366666666666667	-0.0333333333333333	-0.316666666666667	-0.4	0.5	0.3	0.3
