Name,BIOCARTA_CC,FAO,G2M,GLYC,KEGG_CC,NefAC,NefMES,NefNPC,NefOPC,OXPHOS,PD-L1,VerCL,VerMES,VerNL,VerPN,WP_CC
GSM5848263_BT428_MRD_CT,0.6570667611190936,0.5165343320234591,0.6407590464839275,0.6012583106505553,0.664985643624661,0.8057158814294485,0.7214483394069129,0.5940685269632421,0.669609657794203,0.6906633023201085,0.14686877125794942,0.6042962524133113,0.48166235044867806,0.3830039650880149,0.5122951539940171,0.669767848848423
GSM5848264_BT799_MRD_CT,0.8053777589829151,0.5567794087211373,0.732917489893489,0.6526591975819502,0.7342251044909675,0.8513508011231349,0.6898031989601775,0.6104794732461047,0.7258770745714019,0.6754968209841754,0.16414771865102568,0.6692230297494687,0.4677876427774755,0.40729196130016077,0.5423462651284952,0.7367064559603749
GSM5848265_BT935_MRD_CT,0.5264563054231242,0.33924486621006145,0.38775028570796455,0.4287807785690609,0.47618578142555534,0.6540938193469622,0.5673931873024519,0.35590743894026683,0.4054493745777802,0.471692871549601,0.04193649477888102,0.4111791353595365,0.31613963814456136,0.16564364696204326,0.1987828944965633,0.4822059772576467
GSM5848266_BT954_MRD_CON,0.6382029074279488,0.6527999597794547,0.8009806737231725,0.6699682539358697,0.7872336772785884,1.041936494778881,0.8103952988456355,0.7985574748111677,0.8444511667600519,0.8355630440719389,0.1576750877115429,0.7719379344042704,0.5418721316029673,0.49218523460998087,0.6964023226623889,0.7820471103006791
GSM5848267_MBT06_MRD_CON,0.5802296006604075,0.5622444385057687,0.762107586591967,0.6979131643422878,0.7839095490883498,1.0228883159728208,0.9479334774464476,0.6882759883939592,0.8209219232757357,0.8289648603599085,0.24782645563327643,0.7935335188035957,0.622480209981588,0.47040083231568264,0.5874648809795093,0.7878195914930141
