	NefAC	NefMES	NefNPC	NefOPC	VerCL	VerMES	VerNL	VerPN
NefAC	0.0	0.03655276105286081	0.006530017254715292	0.020815127253525276	0.0008629681828999769	0.08555889101267318	0.735764859879812	0.028004939153071794
NefMES	0.03655276105286081	0.0	0.014902667686230067	0.00026040002438725105	0.028004939153071794	0.006530017254715292	0.735764859879812	3.3143960262001043e-05
NefNPC	0.006530017254715292	0.014902667686230067	0.0	0.020815127253525276	3.3143960262001043e-05	0.028004939153071794	0.9108491685195836	0.01017554012345675
NefOPC	0.020815127253525276	0.00026040002438725105	0.020815127253525276	0.0	0.028004939153071794	0.0020082755054294677	0.693238811728395	3.3143960262001043e-05
VerCL	0.0008629681828999769	0.028004939153071794	3.3143960262001043e-05	0.028004939153071794	0.0	0.04652823228416724	0.693238811728395	0.020815127253525276
VerMES	0.08555889101267318	0.006530017254715292	0.028004939153071794	0.0020082755054294677	0.04652823228416724	0.0	0.4197530864197531	0.0038503204637324014
VerNL	0.735764859879812	0.735764859879812	0.9108491685195836	0.693238811728395	0.693238811728395	0.4197530864197531	0.0	0.7788857260523797
VerPN	0.028004939153071794	3.3143960262001043e-05	0.01017554012345675	3.3143960262001043e-05	0.020815127253525276	0.0038503204637324014	0.7788857260523797	0.0
