	NefAC	NefMES	NefNPC	NefOPC	VerCL	VerMES	VerNL	VerPN
NefAC	0.0	8.63468614611852e-11	3.480033049969328e-05	4.154645355976803e-10	5.4508854780889034e-14	0.010442705028636512	0.0005163601080372715	0.004230045825023508
NefMES	8.63468614611852e-11	0.0	0.7839937424094281	0.0019406329136297475	0.0011990609761231184	1.6966621697013624e-14	0.0025479966874441973	0.3360248262492458
NefNPC	3.480033049969328e-05	0.7839937424094281	0.0	5.460654393870369e-12	0.004063145578312948	0.02625348504565024	0.0016868507689869782	3.4562941042495265e-30
NefOPC	4.154645355976803e-10	0.0019406329136297475	5.460654393870369e-12	0.0	0.004724994079598638	0.3570270612193296	8.459741692494532e-09	3.699453237911805e-11
VerCL	5.4508854780889034e-14	0.0011990609761231184	0.004063145578312948	0.004724994079598638	0.0	0.5343949669646246	0.6878354516118415	0.16535118877770774
VerMES	0.010442705028636512	1.6966621697013624e-14	0.02625348504565024	0.3570270612193296	0.5343949669646246	0.0	0.004176693543088256	0.00024455585310931944
VerNL	0.0005163601080372715	0.0025479966874441973	0.0016868507689869782	8.459741692494532e-09	0.6878354516118415	0.004176693543088256	0.0	0.0047845208747024125
VerPN	0.004230045825023508	0.3360248262492458	3.4562941042495265e-30	3.699453237911805e-11	0.16535118877770774	0.00024455585310931944	0.0047845208747024125	0.0
