	NefAC	NefMES	NefNPC	NefOPC	VerCL	VerMES	VerNL	VerPN
NefAC	0.0	0.8969858708195542	0.000521133700481005	0.044609296463363105	0.000521133700481005	0.9312343512018808	0.0019003677255282703	0.42991878503288405
NefMES	0.8969858708195542	0.0	0.5128409431818263	0.21702022575997748	0.4568008526399232	1.2868115751495013e-07	0.3910967709418962	0.0009513628555555001
NefNPC	0.000521133700481005	0.5128409431818263	0.0	0.011374198642690932	0.0153173290532817	0.5273023541661082	0.03858845292201944	0.08991373630263913
NefOPC	0.044609296463363105	0.21702022575997748	0.011374198642690932	0.0	0.25513775175895725	0.25513775175895725	0.2652387868927897	0.005801150474478243
VerCL	0.000521133700481005	0.4568008526399232	0.0153173290532817	0.25513775175895725	0.0	0.6487957097846664	8.36658642909172e-05	0.8459309212287789
VerMES	0.9312343512018808	1.2868115751495013e-07	0.5273023541661082	0.25513775175895725	0.6487957097846664	0.0	0.41677476889913834	0.0019003677255282703
VerNL	0.0019003677255282703	0.3910967709418962	0.03858845292201944	0.2652387868927897	8.36658642909172e-05	0.41677476889913834	0.0	0.712884219214772
VerPN	0.42991878503288405	0.0009513628555555001	0.08991373630263913	0.005801150474478243	0.8459309212287789	0.0019003677255282703	0.712884219214772	0.0
