Cellname,T_UP,T_DN,TCells_TCells_S1,TCells_TCells_S2,Myeloid_TCells_S1,Myeloid_TCells_S2
AAACGGGTCTGGTGTA-1,0.0901366924186117,0.0668198015136791,0.375601750547046,0.255583126550869,0.34736650264261,0.262569199620552
AAGGAGCGTTAAGACA-1,0.10179247605538,0.0723503254115499,0.252078774617068,0.346940430431892,0.162566065245125,0.363420124877883
ACTGAGTTCTATCCCG-1,0.0961037971418858,0.0733427570162264,0.2972647702407,0.342464198251675,0.237470384545289,0.341191295360263
ACTGCTCGTGTAATGA-1,0.105051523428799,0.0710604588155609,0.208096280087527,0.351643717867627,0.0969564425004556,0.36620934743519
AGCTCTCAGAGCTGCA-1,0.105898524050128,0.0692817386694938,0.185010940919037,0.364731831525,0.0646983779843266,0.378173271602316
CAACCTCTCAGTTAGC-1,0.086575772851432,0.0782577966251436,0.322210065645514,0.29903177151754,0.264807727355568,0.281031870761302
CCTTCGAGTTCAGTAC-1,0.0872938183608633,0.0666048237476809,0.410722100656455,0.233558766765598,0.398760707125934,0.240538588964873
CGAACATAGTTGAGTA-1,0.112838653708632,0.0606620137232382,0.174617067833698,0.162960800531958,0,0.183989579351258
CTGAAACTCGCTTGTC-1,0.102604307100737,0.0727979503489708,0.205032822757112,0.361877422598485,0.100236923637689,0.364694388990358
CTTAACTTCAACACCA-1,0.0957169318061922,0.0752009894867038,0.280306345733042,0.335003811284646,0.216147257153271,0.321893273301335
GCGGGTTAGCCACGCT-1,0.0829679605162894,0.0668315811172954,0.419693654266958,0.209945020191699,0.412611627483142,0.220801653711648
GCTGCAGCAAGTCTGT-1,0.10294134887047,0.0707424095179197,0.234901531728665,0.370667704633549,0.14087843994897,0.383595973325405
TGCCCTAAGGATGTAT-1,0.0959953576159717,0.0745943399004624,0.278993435448578,0.335003811284646,0.214142518680518,0.322813575160345
TGCTGCTCATCTGGTA-1,0.0933136774480956,0.0681774008304621,0.283588621444201,0.258583499570217,0.211226535447421,0.294156791119795
