Cellname,MES,AC,OPC,NPC
AACAAAGGTGGTCTTA-1,0.350768520350947,0.171786933396841,0.049155320221886,0.0314781481748146
GGAAGTGGTCGTTATG-1,0.372273896695033,0.184488370246884,0.0585476550680787,0.0319821441428469
GGGTGAAGTAAGTCAA-1,0.385137542054225,0.176343573866794,0.065292486132123,0.031218950248398
