Cellname,MES2,MES1,MES,AC,OPC,NPC1,NPC2,NPC
ACTTATCGTAATTGGA-1,0.308346098730049,0.495552700499086,0.384418497262352,0.175676748432166,0.0988905698436712,0.0811775088250126,0.0595950624911508,0.0716754265965872
AGTCATGCACTGATTG-1,0.243044917724959,0.318216632900133,0.267042680915628,0.0906247519250615,0.0727181038830055,0.058862834089763,0.0269658004144624,0.044452444380445
ATGATCGTCTGTTCAT-1,0.274682512230074,0.460456095271038,0.354370341051521,0.246661903627848,0.142057488653555,0.202697932425618,0.182389208531233,0.187018503851969
CCACCATGTTTCGTGA-1,0.306591886149133,0.545288333250976,0.410403060887921,0.213288878304358,0.13296772566818,0.110211800302572,0.101762108867179,0.108078335373317
GTAGGTTGTAGCACAG-1,0.235225082769185,0.512477145822009,0.360993469226202,0.197793125347305,0.0909480584972264,0.0974533535047907,0.0703556396493802,0.0870761033911729
TCATTGTGTAAGGAGA-1,0.275843751544201,0.523793052329891,0.37823075400752,0.164293085655315,0.0857665153807363,0.0683812405446294,0.0653743676873769,0.0673338613291094
TCTACATTCTTACGTT-1,0.238004644957257,0.497986361614864,0.35273434923148,0.308343256330872,0.170688350983359,0.125138678769541,0.110102843315185,0.120995032039744
TGCTTCGCATCGCTCT-1,0.230382467757079,0.501593615654494,0.352661785078171,0.188600460427086,0.08119011598588,0.0871406959152799,0.0703298966418247,0.0812513499892001
