Cellname,T_UP,T_DN,TCells_TCells_S1,TCells_TCells_S2,Myeloid_TCells_S1,Myeloid_TCells_S2
AAGTCTGGTCCGAAGA-1,0.09719698479502,0.0673528285773184,0.316201560265613,0,0.3351401179941,0
ACTGAGTCAGTAAGCG-1,0.121036095708139,0.0696410165797921,0.257457984680514,0,0.290154867256637,0
AGGCCGTAGGGAGTAA-1,0.12316971665045,0.0695791736608063,0.284189214062212,0.0715846994535519,0.309832841691249,0.0715846994535519
AGGTCCGAGATGCCAG-1,0.0855089623802769,0.0728568483670524,0.30766399071203,0,0.331698623402163,0
CAACCTCTCTTGTCAT-1,0.0862094231017221,0.0727685013399299,0.323606450608107,0.373770491803279,0.332399213372665,0.373770491803279
CACATTTCACGAAGCA-1,0.12248684071699,0.0785611214182643,0.253875886675445,0,0.268633235004916,0
CATATTCTCGCCTGAG-1,0.0931642067502139,0.0652413346290897,0.325390420365572,0,0.344505899705015,0
CCTCAGTCATCTGGTA-1,0.0951424953986472,0.0646258503401361,0.316484730068386,0,0.334857423795477,0
CGTCACTCATCCGTGG-1,0.0856232635021864,0.0735665694849368,0.311458466069178,0,0.33756145526057,0
CTAACTTGTTCGGCAC-1,0.083756345177665,0.0697116942014901,0.290305681802093,0,0.305199115044248,0
CTGAAGTCATTCGACA-1,0.0727306831103973,0.0677062166858085,0.327457559925809,0.549180327868853,0.335717797443461,0.549180327868853
GACCTGGTCCAACCAA-1,0.100080890024736,0.0677386105957535,0.298276911750131,0,0.321693706981318,0
GAGTCCGAGCATGGCA-1,0.0880089330722969,0.0730099832140648,0.31103371136502,0,0.339392822025565,0
GGGCACTTCTCCAGGG-1,0.0899872217207301,0.0691521630297141,0.306304775658724,0,0.325835791543756,0
TACGGTAGTTATTCTC-1,0.134086939191803,0.0732838589981447,0.224468702657549,0,0.24110127826942,0
TGACTTTCAGTTAACC-1,0.0886156082578164,0.0678740760373413,0.307649832221892,0,0.32905604719764,0
TGCCCATGTCAGATAA-1,0.114945897468963,0.0715228082575021,0.253564399892395,0.101092896174863,0.291383972468043,0.101092896174863
TGGCCAGTCTACCAGA-1,0.0979120995064536,0.0673292693700857,0.313270752806921,0,0.332915437561455,0
TGTATTCAGATGGGTC-1,0.0817458177512573,0.0709338280766852,0.319925243172068,0.494535519125683,0.330715339233038,0.494535519125683
