Cellname,T_UP,T_DN
AACTCCCGTGTGCCTG-1,0.109831654963013,0.0854197956238773
AGGCCGTTCCGTCATC-1,0.113058463558458,0.0804782519068233
GACCAATTCTTGCCGT-1,0.107953013446501,0.0808551992225462
