Cellname,MES,AC,OPC,NPC,TCells_Glioma_S1,TCells_Glioma_S2,Myeloid_Glioma_S1,Myeloid_Glioma_S2,Glioma_Glioma_S1,Glioma_Glioma_S2
ACTTATCGTAATTGGA-1,0.384418497262352,0.175676748432166,0.0988905698436712,0.0716754265965872,0,0.105184142622566,0,0.105714810495876,0,0.0912713180042927
AGTCATGCACTGATTG-1,0.267042680915628,0.0906247519250615,0.0727181038830055,0.044452444380445,0,0.0985866760497302,0,0.101430518002144,0,0.0861929624742981
ATGATCGTCTGTTCAT-1,0.354370341051521,0.246661903627848,0.142057488653555,0.187018503851969,0,0.119159042927516,0,0.135495555527079,0,0.119384582999726
CCACCATGTTTCGTGA-1,0.410403060887921,0.213288878304358,0.13296772566818,0.108078335373317,0,0.120290874970678,0,0.131634139361243,0,0.112257594039792
GTAGGTTGTAGCACAG-1,0.360993469226202,0.197793125347305,0.0909480584972264,0.0870761033911729,0,0.120068027210884,0,0.119477512803755,0,0.105709484984833
TCATTGTGTAAGGAGA-1,0.37823075400752,0.164293085655315,0.0857665153807363,0.0673338613291094,0,0.0856204550785832,0,0.0907774517216192,0,0.0767767666174243
TCTACATTCTTACGTT-1,0.35273434923148,0.308343256330872,0.170688350983359,0.120995032039744,0,0.127105324888576,0,0.140514542247054,0,0.122196285395311
TGCTTCGCATCGCTCT-1,0.352661785078171,0.188600460427086,0.08119011598588,0.0812513499892001,0,0.113417780905466,0,0.107636975622675,0,0.095327236299529
