Cellname,NefMES,NefAC,NefOPC,NefNPC,VerPN,VerNL,VerCL,VerMES
AACAAAGGTGGTCTTA-1,0.350768520350947,0.171786933396841,0.049155320221886,0.0314781481748146,0.0238237282742712,0.0891135508247458,0.0381286943689196,0.169176041620348
GGAAGTGGTCGTTATG-1,0.372273896695033,0.184488370246884,0.0585476550680787,0.0319821441428469,0.0287446713887473,0.0869900561871799,0.0370459485254606,0.172715549824359
GGGTGAAGTAAGTCAA-1,0.385137542054225,0.176343573866794,0.065292486132123,0.031218950248398,0.0270308381512295,0.0865555940659308,0.0376595045034207,0.182394355759112
