	NefAC	NefMES	NefNPC	NefOPC	VerCL	VerMES	VerNL	VerPN
NefAC	1.0	-0.3706293706293706	0.04895104895104895	0.0	0.5944055944055944	-0.6013986013986014	0.21678321678321677	-0.04195804195804196
NefMES	-0.3706293706293706	1.0	-0.7482517482517482	-0.7062937062937062	-0.7902097902097902	0.8181818181818182	0.26573426573426573	-0.6853146853146853
NefNPC	0.04895104895104895	-0.7482517482517482	1.0	0.6153846153846154	0.5944055944055944	-0.6853146853146853	-0.7622377622377622	0.8811188811188811
NefOPC	0.0	-0.7062937062937062	0.6153846153846154	1.0	0.2727272727272727	-0.3146853146853147	-0.11188811188811189	0.8671328671328671
VerCL	0.5944055944055944	-0.7902097902097902	0.5944055944055944	0.2727272727272727	1.0	-0.958041958041958	-0.3356643356643357	0.3356643356643357
VerMES	-0.6013986013986014	0.8181818181818182	-0.6853146853146853	-0.3146853146853147	-0.958041958041958	1.0	0.44755244755244755	-0.44755244755244755
VerNL	0.21678321678321677	0.26573426573426573	-0.7622377622377622	-0.11188811188811189	-0.3356643356643357	0.44755244755244755	1.0	-0.5384615384615384
VerPN	-0.04195804195804196	-0.6853146853146853	0.8811188811188811	0.8671328671328671	0.3356643356643357	-0.44755244755244755	-0.5384615384615384	1.0
