	NefAC	NefMES	NefNPC	NefOPC	VerCL	VerMES	VerNL	VerPN
NefAC	1.0	-0.5335397316821465	0.5913312693498453	0.5789473684210527	0.5830753353973168	-0.5521155830753354	0.7874097007223942	0.587203302373581
NefMES	-0.5335397316821465	1.0	-0.8968008255933952	-0.8885448916408669	-0.9587203302373581	0.9318885448916409	-0.023735810113519093	-0.8802889576883385
NefNPC	0.5913312693498453	-0.8968008255933952	1.0	0.8968008255933952	0.936016511867905	-0.9690402476780186	0.08771929824561403	0.9587203302373581
NefOPC	0.5789473684210527	-0.8885448916408669	0.8968008255933952	1.0	0.8286893704850361	-0.9504643962848297	0.17234262125902994	0.8988648090815273
VerCL	0.5830753353973168	-0.9587203302373581	0.936016511867905	0.8286893704850361	1.0	-0.9195046439628483	0.023735810113519093	0.8947368421052632
VerMES	-0.5521155830753354	0.9318885448916409	-0.9690402476780186	-0.9504643962848297	-0.9195046439628483	1.0	-0.06707946336429309	-0.9566563467492261
VerNL	0.7874097007223942	-0.023735810113519093	0.08771929824561403	0.17234262125902994	0.023735810113519093	-0.06707946336429309	1.0	0.08771929824561403
VerPN	0.587203302373581	-0.8802889576883385	0.9587203302373581	0.8988648090815273	0.8947368421052632	-0.9566563467492261	0.08771929824561403	1.0
