	NefAC	NefMES	NefNPC	NefOPC	VerCL	VerMES	VerNL	VerPN
NefAC	0.0	1.1129003812786908e-05	0.07159701126026873	0.029506553722099375	0.4429441508248101	6.280599966390895e-05	1.4859874205555088e-05	0.36717772555501726
NefMES	1.1129003812786908e-05	0.0	0.1546923218138582	0.006950274712161289	0.36717772555501726	2.0736991664353693e-07	4.594554343625327e-05	0.5314832784708439
NefNPC	0.07159701126026873	0.1546923218138582	0.0	0.0005283926713947288	1.2182182797478767e-07	0.010070753912334262	0.848430360162973	0.0009869258677951244
NefOPC	0.029506553722099375	0.006950274712161289	0.0005283926713947288	0.0	0.004002006540262521	0.0007666636665897179	0.10849983794275489	0.021371414657806453
VerCL	0.4429441508248101	0.36717772555501726	1.2182182797478767e-07	0.004002006540262521	0.0	0.03985953090099972	0.5645405304670836	3.598441737777743e-05
VerMES	6.280599966390895e-05	2.0736991664353693e-07	0.010070753912334262	0.0007666636665897179	0.03985953090099972	0.0	0.0011989848082819942	0.7851478708666942
VerNL	1.4859874205555088e-05	4.594554343625327e-05	0.848430360162973	0.10849983794275489	0.5645405304670836	0.0011989848082819942	0.0	0.05646162510203338
VerPN	0.36717772555501726	0.5314832784708439	0.0009869258677951244	0.021371414657806453	3.598441737777743e-05	0.7851478708666942	0.05646162510203338	0.0
