""	BIOCARTA_CC	FAO	G2M	GLYC	KEGG_CC	NefAC	NefMES	NefNPC	NefOPC	OXPHOS	PD.L1	VerCL	VerMES	VerNL	VerPN	WP_CC
CTLA4	0.919444444444444	0.355555555555556	0.497222222222222	0.658333333333333	0.563888888888889	0.355555555555556	0.658333333333333	1	0.658333333333333	0.175	0.0583333333333333	0.497222222222222	0.355555555555556	0.175	0.563888888888889	0.658333333333333
CD274	0.804726162223106	0.158302423375458	0.158302423375458	0.158302423375458	0.804726162223106	0.158302423375458	0.441112809121304	0.804726162223106	0.804726162223106	0.441112809121304	0.804726162223106	0.158302423375458	0.158302423375458	0.804726162223106	0.804726162223106	0.804726162223106
LAG3	0.497222222222222	0.919444444444444	0.802777777777778	0.713888888888889	0.713888888888889	0.919444444444444	0.0333333333333333	0.563888888888889	0.563888888888889	0.658333333333333	0.241666666666667	0.497222222222222	0.419444444444444	0.658333333333333	0.713888888888889	1
HAVCR2	0.0166666666666667	0.355555555555556	0.802777777777778	0.241666666666667	0.297222222222222	0.355555555555556	0.241666666666667	0.0583333333333333	0.241666666666667	0.497222222222222	1	0.297222222222222	0.497222222222222	0.297222222222222	0.0333333333333333	0.241666666666667
CD47	0.297222222222222	0.919444444444444	0.355555555555556	1	0.919444444444444	0.919444444444444	0.419444444444444	0.241666666666667	0.355555555555556	0.919444444444444	0.919444444444444	0.919444444444444	0.0166666666666667	0.658333333333333	0.241666666666667	1
LGALS9	0.802777777777778	0.802777777777778	0.919444444444444	0.919444444444444	0.497222222222222	0.802777777777778	0.241666666666667	0.919444444444444	0.497222222222222	0.355555555555556	0.658333333333333	0.658333333333333	0.419444444444444	1	0.919444444444444	0.419444444444444
CD276	0.355555555555556	0.919444444444444	0.563888888888889	1	0.563888888888889	0.919444444444444	0.0583333333333333	0.297222222222222	0.297222222222222	0.658333333333333	0.241666666666667	0.802777777777778	0.241666666666667	0.658333333333333	0.563888888888889	0.713888888888889
