	NefAC	NefMES	NefNPC	NefOPC	VerCL	VerMES	VerNL	VerPN
NefAC	1.0	-0.3142857142857143	-0.5428571428571428	-0.14285714285714285	0.3142857142857143	-0.3142857142857143	-0.8285714285714286	-0.5428571428571428
NefMES	-0.3142857142857143	1.0	-0.2571428571428571	-0.5428571428571428	-0.6571428571428571	0.7142857142857143	-0.08571428571428572	-0.08571428571428572
NefNPC	-0.5428571428571428	-0.2571428571428571	1.0	0.2571428571428571	0.02857142857142857	-0.4857142857142857	0.4857142857142857	0.2
NefOPC	-0.14285714285714285	-0.5428571428571428	0.2571428571428571	1.0	0.2	-0.14285714285714285	0.08571428571428572	-0.2571428571428571
VerCL	0.3142857142857143	-0.6571428571428571	0.02857142857142857	0.2	1.0	-0.7714285714285715	-0.02857142857142857	0.02857142857142857
VerMES	-0.3142857142857143	0.7142857142857143	-0.4857142857142857	-0.14285714285714285	-0.7714285714285715	1.0	0.08571428571428572	0.08571428571428572
VerNL	-0.8285714285714286	-0.08571428571428572	0.4857142857142857	0.08571428571428572	-0.02857142857142857	0.08571428571428572	1.0	0.8857142857142857
VerPN	-0.5428571428571428	-0.08571428571428572	0.2	-0.2571428571428571	0.02857142857142857	0.08571428571428572	0.8857142857142857	1.0
