""	BIOCARTA_CC	FAO	G2M	GLYC	KEGG_CC	NefAC	NefMES	NefNPC	NefOPC	OXPHOS	PD.L1	VerCL	VerMES	VerNL	VerPN	WP_CC
CTLA4	-0.00703729546948684	0.0800806524630444	-0.0600997599693229	-0.0873692799135844	-0.0198866430008266	-0.0268296889774186	0.0282434313708423	-0.246242508436776	-0.119916771459961	0.0522770520590451	0.201065584842481	-0.0770018356951439	0.191420720069568	0.0177189046642436	-0.255636041228636	-0.0160224137921352
CD274	0.159083244088062	0.388917350922898	0.0258176930770419	0.266554701375858	0.118468756167048	0.389058947045807	0.447254953561333	-0.189030824083278	0.054420109904624	0.374875735401107	0.518760995630288	0.0534997351057166	0.299853389613249	0.204228807942158	-0.268631444511854	0.118161964567412
LAG3	0.345722319506708	0.352830695759028	0.31441445430144	0.215863258038152	0.350791211968513	0.344851662683857	0.130109524390198	0.309655658790239	0.235244317450937	0.332841369250826	-0.0414456501288788	0.301593138074521	0.0319280591064773	0.0698075943034037	0.189469236819387	0.34111857247081
HAVCR2	0.11502578527895	0.0413502109704641	0.165002344116268	0.129957805907173	0.125175808720113	-0.0778012189404594	0.131129864041256	-0.00775902484763244	0.139193624003751	0.0551101734646039	0.238795124238162	-0.0928270042194093	0.211978434130333	0.169995311767464	-0.0139474917955931	0.124472573839662
CD47	-0.394186591654946	-0.152086263478669	-0.425199249882794	-0.176558837318331	-0.384341303328645	-0.19901547116737	-0.204617909048289	-0.111204875761838	0.104688232536334	-0.209024847632443	-0.117768401312705	-0.229535864978903	0.0150961087669948	0.219549929676512	-0.100093764650727	-0.376722925457103
LGALS9	0.0610763072930512	0.35853468433975	-0.00351619500823553	0.339711320395662	0.0861819396518529	0.311312185379147	0.492829892354292	-0.154618815162144	0.119281055329377	0.284143718615513	0.58873997152893	0.112858139114333	0.677547336786932	0.279267928204093	-0.33898464009396	0.085666231050645
CD276	0.136872948898265	0.207196436943272	0.157759024847632	0.244092827004219	0.11924519456165	0.24535864978903	0.344514767932489	-0.0886544772620722	0.0623300515705579	0.189029535864979	0.273488045007032	0.318213783403657	0.396671354899203	-0.124355368026254	-0.239943741209564	0.120886075949367
