	NefAC	NefMES	NefNPC	NefOPC	VerCL	VerMES	VerNL	VerPN
NefAC	1.0	0.6190476190476191	0.5476190476190477	0.6904761904761905	0.9761904761904762	-0.5	-0.11904761904761904	0.4523809523809524
NefMES	0.6190476190476191	1.0	-0.07142857142857142	0.23809523809523808	0.6904761904761905	0.14285714285714285	-0.35714285714285715	-0.07142857142857142
NefNPC	0.5476190476190477	-0.07142857142857142	1.0	0.8809523809523809	0.42857142857142855	-0.35714285714285715	0.7142857142857143	0.9285714285714286
NefOPC	0.6904761904761905	0.23809523809523808	0.8809523809523809	1.0	0.5952380952380952	-0.14285714285714285	0.5476190476190477	0.7857142857142857
VerCL	0.9761904761904762	0.6904761904761905	0.42857142857142855	0.5952380952380952	1.0	-0.4523809523809524	-0.23809523809523808	0.35714285714285715
VerMES	-0.5	0.14285714285714285	-0.35714285714285715	-0.14285714285714285	-0.4523809523809524	1.0	0.21428571428571427	-0.40476190476190477
VerNL	-0.11904761904761904	-0.35714285714285715	0.7142857142857143	0.5476190476190477	-0.23809523809523808	0.21428571428571427	1.0	0.6666666666666666
VerPN	0.4523809523809524	-0.07142857142857142	0.9285714285714286	0.7857142857142857	0.35714285714285715	-0.40476190476190477	0.6666666666666666	1.0
