Name,BIOCARTA_CC,FAO,G2M,GLYC,KEGG_CC,NefAC,NefMES,NefNPC,NefOPC,OXPHOS,PD-L1,VerCL,VerMES,VerNL,VerPN,WP_CC
CCL21_1,0.9225763519190735,0.7985319171628764,0.9942770860323774,0.8416581918626315,0.9416347561909347,0.7648289202754355,1.0734017123235435,0.5482969292851742,0.5468441944341235,1.145501735914041,0.23238620063455923,0.7462634303550675,0.735714906489862,0.5652579603457063,0.5322036386634088,0.9397764950935
CCL21_2,0.9170703392579411,0.8000784912403548,0.991167514669223,0.848122520895132,0.9374617525148112,0.8102327692818205,1.0743536306950228,0.5585044591435998,0.5319619133152752,1.1471239581377588,0.19096041503320266,0.7374044106256623,0.7407461888758194,0.5564590327909765,0.5410217477444508,0.9358078776960659
CCL21_3,0.9200334316335672,0.8002326718543346,0.9943203529706516,0.8522056519197945,0.9418979662100747,0.7962672284982263,1.0748892078832732,0.53955638200785,0.49445594366627876,1.146548515529261,0.16969777524420226,0.7454669182915583,0.7418228455266025,0.5797587839179338,0.5264496551745674,0.9406322741626602
Control_1,0.9231702942776312,0.8071860331854808,0.9966720158216537,0.8676856621486355,0.9403850143363143,0.7869137106260767,1.0833835442158313,0.5684389159121473,0.45466280950328586,1.147262690189849,0.1778028229041412,0.7440370338070175,0.7525578718509333,0.5820283282774878,0.5239944611506698,0.9388047501075023
Control_2,0.9196949035072017,0.8065956158252474,0.9913668635112949,0.8752780418383826,0.9386920812860897,0.7789093905702351,1.0850086868407862,0.5470349779557013,0.5283987725850723,1.1476496059995867,0.14764960599958665,0.7445856160117058,0.7498428482784631,0.5689312937525797,0.5231267486755935,0.9371289090278021
Control_3,0.9250553022684449,0.8129492292989949,0.9959386520681646,0.8636725478782696,0.9435042079337649,0.785205186617232,1.08269189151435,0.5659217826692128,0.552888486506041,1.1456131693575042,0.20178613094648346,0.7414700860063926,0.737876294726065,0.5918970621617765,0.5404926965189534,0.9413007188293543
