Name,BIOCARTA_CC,FAO,G2M,GLYC,KEGG_CC,NefAC,NefMES,NefNPC,NefOPC,OXPHOS,VerCL,VerMES,VerNL,VerPN,WP_CC
CCL21_1,1.3313043720076105,1.152304663234863,1.4347706061058914,1.2145371255527584,1.358806200856615,1.1036702634774056,1.5489497314387481,0.7912083347869399,0.7891119963597207,1.652992151806684,1.0768797243008525,1.0616578991253398,0.8156835934012254,0.7679852507352206,1.3561246763213282
CCL21_2,1.3233590364125163,1.154536414381202,1.430283404648553,1.2238653394021184,1.3527844357995866,1.1691893314249395,1.5503233771940381,0.8059380957434752,0.767636434063163,1.655333065417044,1.0640959024817418,1.0689181851962941,0.802986486329032,0.7807100373049298,1.3503978465786848
CCL21_3,1.3276348644522529,1.1547589014686317,1.4348330415498174,1.229757415622483,1.3591860205306272,1.1490366519594675,1.5510962305744467,0.7785954721443675,0.7135142345658215,1.6545026850816504,1.0757303343448879,1.0704718318981166,0.8366087014199391,0.7596820860603188,1.357359590281431
Control_1,1.3321614480176596,1.1647928030758514,1.4382265590928527,1.252095518320986,1.3570027871971642,1.1355392550113,1.5633538036992232,0.8202738043295198,0.6560915904921039,1.6555332597826389,1.0736669696577534,1.0859627855188876,0.8398837196035881,0.7561391700389589,1.3547224201875738
Control_2,1.3271463585700671,1.1639408137403857,1.430571070796133,1.2630515419106618,1.354559835818027,1.123988789553212,1.5656989315330745,0.789387302501977,0.7624947188844354,1.6560915904921039,1.074458589653202,1.0820449279403634,0.8209843198009859,0.7548870358288073,1.3523041330164862
Control_3,1.3348815690940554,1.1731092618347376,1.4371682939755417,1.2463044783031159,1.3615038738170264,1.133073805427725,1.5623557288369339,0.8166415082227815,0.797834084720534,1.6531529534901024,1.069962789702806,1.0647768448933266,0.8541245881658527,0.779946601077613,1.3583241752779616
