Name,NefAC,NefMES,NefNPC,NefOPC,VerCL,VerMES,VerNL,VerPN
CCL21_1,1.2133480169743855,1.702877342289369,0.8698350366010317,0.867530373552886,1.183895155318835,1.1671606540799897,0.8967425355953511,0.8443041476076091
CCL21_2,1.285378073232015,1.7043874947401156,0.8860285745068255,0.8439206671140828,1.1698409351709624,1.1751424345069656,0.8827836475133105,0.8582934658502991
CCL21_3,1.263222711730195,1.7052371507900812,0.8559687647785792,0.7844200484895638,1.182631544193347,1.1768504755832883,0.9197470861025696,0.8351758520230556
Control_1,1.2483840045879233,1.7187128260311677,0.9017889009017714,0.7212910020506881,1.1803631316662746,1.1938808500336997,0.9233475607644176,0.8312808570493945
Control_2,1.2356857061717414,1.7212910020506882,0.8678330383730063,0.8382679915619667,1.18123341927251,1.189573653508614,0.9025700241836625,0.8299042914109525
Control_3,1.2456735497879945,1.7176155670082285,0.8977956436545492,0.8771192235624203,1.1762908470794897,1.1705895465561844,0.9390036223634446,0.8574541627874599
