	NefAC	NefMES	NefNPC	NefOPC	VerCL	VerMES	VerNL	VerPN
NefAC	0.0	0.0013633152527271922	0.19933549461780897	0.0013633152527271922	0.6805975082860818	0.9484022252365223	0.6805975082860818	0.712884219214772
NefMES	0.0013633152527271922	0.0	0.13094806950717278	0.010245193941127854	0.1591057694121953	0.7787253962454419	0.8628980736949712	0.36625146058358227
NefNPC	0.19933549461780897	0.13094806950717278	0.0	0.18256397857316675	0.9827917689028476	0.04152149441031855	0.6966831093957659	0.2652387868927897
NefOPC	0.0013633152527271922	0.010245193941127854	0.18256397857316675	0.0	0.762121655996299	0.40383308831471165	0.2652387868927897	0.6805975082860818
VerCL	0.6805975082860818	0.1591057694121953	0.9827917689028476	0.762121655996299	0.0	0.6330906812462618	0.03858845292201944	0.011374198642690932
VerMES	0.9484022252365223	0.7787253962454419	0.04152149441031855	0.40383308831471165	0.6330906812462618	0.0	0.27556745095678037	0.03316990109010587
VerNL	0.6805975082860818	0.8628980736949712	0.6966831093957659	0.2652387868927897	0.03858845292201944	0.27556745095678037	0.0	0.007355028857805126
VerPN	0.712884219214772	0.36625146058358227	0.2652387868927897	0.6805975082860818	0.011374198642690932	0.03316990109010587	0.007355028857805126	0.0
