""	NefMES	NefAC	NefOPC	NefNPC	VerPN	VerNL	VerCL	VerMES	OXPHOS	GLYC	FAO	G2M	KEGG_CC	WP_CC	BIOCARTA_CC	PD.L1
CTLA4	0	0	0	0	0	0	2.28875420823233e-82	5.60523795265415e-171	0	5.7609969753584e-212	0	0	0	0	6.48867120166253e-269	0
CD274	0	1.17871109866121e-72	2.69037442485139e-115	3.74370526223748e-170	3.54399359325483e-141	4.52673715079603e-29	1.9794511152327e-117	0	3.4655877471945e-101	3.50665062686356e-123	5.17608685595823e-35	1.34681759476389e-31	1.70678048171306e-16	1.98408686787714e-15	0.302073298190213	0
LAG3	0	5.03908076631436e-289	0	0	0	0	0	0	9.10556468984928e-39	5.56907165714056e-05	0.114844110761559	1.64264406656575e-54	3.2636592667665e-30	3.75994664994862e-32	2.91002032702294e-35	0
HAVCR2	0	4.97346145033487e-12	1.55259902343274e-43	0.0129984563959997	9.83794972604146e-19	3.35251240307528e-15	2.25562769560423e-05	0	3.08803352487224e-284	5.80238459797095e-07	6.09416066420036e-08	0	2.73236994840393e-82	1.74592616341106e-77	0.00412551124280234	0
CD47	0	1.53770722771149e-81	1.22415327139431e-35	0.552154911215501	0.0241195229820457	0.0251965621351241	3.99839599126603e-19	0	0	5.20552512564396e-162	0	0	1.62653295631016e-209	3.12931761542063e-209	4.13598250344186e-99	0
LGALS9	0	9.94874929344873e-23	6.10467943631857e-111	1.28235122931134e-10	1.33177066881229e-11	0.0741992637745036	1.05369127967963e-11	0	0.000240833610130544	5.43785038659964e-34	9.8482924397449e-20	3.03915399157057e-297	1.21304097151171e-47	1.46698271316113e-45	0.0162709026617302	0
CD276	0.0190318359338388	1.67088838117532e-238	2.44337835174504e-103	2.82182518048715e-244	3.08357692111896e-216	1.79435518786391e-75	6.91833481863234e-49	3.23561963134949e-15	0.131500445946201	4.83940079317984e-12	1.25299176655827e-05	5.86402542577934e-152	2.35339556682552e-79	6.29229097090024e-79	2.94577854661758e-21	3.48403673357564e-08
