""	BIOCARTA_CC	FAO	G2M	GLYC	KEGG_CC	NefAC	NefMES	NefNPC	NefOPC	OXPHOS	PD.L1	VerCL	VerMES	VerNL	VerPN	WP_CC
CTLA4	0.658333333333333	0.175	0.297222222222222	0.355555555555556	1	0.297222222222222	0.563888888888889	1	0.102777777777778	0.919444444444444	0.136111111111111	0.497222222222222	1	1	0.919444444444444	1
CD274	0.158302423375458	0.441112809121304	0.441112809121304	0.441112809121304	0.804726162223106	0.441112809121304	0.804726162223106	0.441112809121304	0.804726162223106	0.804726162223106	0.804726162223106	0.804726162223106	0.804726162223106	0.804726162223106	0.804726162223106	0.804726162223106
LAG3	0.563888888888889	0.297222222222222	0.00277777777777778	0.419444444444444	0.102777777777778	0.563888888888889	0.713888888888889	0.241666666666667	0.658333333333333	0.919444444444444	1	0.241666666666667	0.802777777777778	0.713888888888889	0.419444444444444	0.102777777777778
HAVCR2	0.499253218114633	0.0498575851013404	0.424662507561365	0.913131785162327	0.658373571260927	0.537900560470205	0.199660189460363	0.617533817425997	0.461482840350805	0.826848213385815	0.537900560470205	0.17307111024126	0.658373571260927	0.913131785162327	0.826848213385815	0.658373571260927
CD47	0.419444444444444	0.497222222222222	0.355555555555556	0.419444444444444	0.919444444444444	0.563888888888889	1	1	0.136111111111111	0.497222222222222	0.241666666666667	0.419444444444444	0.563888888888889	0.658333333333333	0.919444444444444	0.919444444444444
LGALS9	0.802777777777778	0.00277777777777778	0.297222222222222	0.658333333333333	0.919444444444444	0.355555555555556	0.136111111111111	0.919444444444444	0.658333333333333	0.419444444444444	0.713888888888889	0.241666666666667	0.497222222222222	0.497222222222222	0.658333333333333	0.919444444444444
CD276	0.658333333333333	0.919444444444444	0.241666666666667	0.713888888888889	0.355555555555556	0.658333333333333	0.241666666666667	0.297222222222222	0.297222222222222	0.355555555555556	0.497222222222222	1	0.419444444444444	0.175	0.102777777777778	0.355555555555556
