	NefAC	NefMES	NefNPC	NefOPC	VerCL	VerMES	VerNL	VerPN
NefAC	0.0	0.023059229474174193	0.3456206337468547	0.9398091995407436	0.586852724489982	0.00213069297044068	0.24296636906130623	0.5479501508336087
NefMES	0.023059229474174193	0.0	0.14835729861849292	0.07334086574364809	0.6134176645307821	6.159925386328217e-08	0.031105216869543383	0.10384052952246073
NefNPC	0.3456206337468547	0.14835729861849292	0.0	9.148582181124773e-06	0.9799209119891911	0.5607873732874131	0.002342270858482576	7.012940808821561e-08
NefOPC	0.9398091995407436	0.07334086574364809	9.148582181124773e-06	0.0	0.5694186911507699	0.19060938739632305	4.9139529642236554e-05	9.035617179015246e-08
VerCL	0.586852724489982	0.6134176645307821	0.9799209119891911	0.5694186911507699	0.0	0.7623392575365604	0.681832438507082	0.8452698052894374
VerMES	0.00213069297044068	6.159925386328217e-08	0.5607873732874131	0.19060938739632305	0.7623392575365604	0.0	0.07688442544807973	0.33897093917086685
VerNL	0.24296636906130623	0.031105216869543383	0.002342270858482576	4.9139529642236554e-05	0.681832438507082	0.07688442544807973	0.0	0.0001597022241475124
VerPN	0.5479501508336087	0.10384052952246073	7.012940808821561e-08	9.035617179015246e-08	0.8452698052894374	0.33897093917086685	0.0001597022241475124	0.0
