""	NefMES	NefAC	NefOPC	NefNPC	VerPN	VerNL	VerCL	VerMES	OXPHOS	GLYC	FAO	G2M	KEGG_CC	WP_CC	BIOCARTA_CC	PD.L1
CD274	-0.0239544520950732	0.0320342507158768	0.0338293580470936	0.0202175102584475	0.02594499193331	-0.0148854554142048	0.0335872382171192	-0.0262086122158564	-0.032861727310716	-0.037086785182921	-0.0325962474195207	0.0116241716105585	0.0236875872156752	0.0230922374065277	0.0213219333705127	0.00126719500647586
LAG3	-0.00299438950441892	-0.00325838030371929	0.00276921768056664	0.0128546999373193	0.0148502421587851	0.00417809942654187	0.00194680866381495	-0.000838182881946475	-0.00414076163704027	0.01093717786318	-0.00743155689246231	0.0264922738096042	0.0218596856208012	0.0232579092599761	0.0146221652878776	0.00747853134772119
HAVCR2	-0.0272998229243577	0.0287223163219523	0.0541812956488601	0.0558061819202613	0.0561154788729385	0.0240117080562826	0.0650217803105698	-0.0558188024474443	-0.0675973295055136	-0.0388863345888058	-0.0729882502056771	0.0467128500838352	0.0516693146506329	0.0529307772686636	0.0436897819195999	0.0292071604841151
CD47	0.194444975241565	-0.151507167469732	-0.171640854554631	-0.181044427567322	-0.182831505324358	-0.0507222617195047	-0.190738387637353	0.181181043086119	0.118150563689377	0.19680820227644	0.165483254009429	0.0398673354400507	0.0133873048396394	0.00708778963822089	-0.0459204152966424	-0.00339182483907068
LGALS9	0.0194015836746756	0.00130601804873736	0.00610569776547988	0.010902816875408	-0.00380545446305891	-0.0149856420000066	-0.0145842750670725	0.0196736627804173	-0.00295958169144614	0.0174509511170379	0.0433531728599799	-0.013058117596164	-0.00411176009150335	-0.00545985843656009	0.00439737903534445	0.0205507827158708
CD276	-0.338647171206835	0.198884819439609	0.37499648825845	0.383880536648863	0.411441431459288	-0.00414441013523067	0.309258887269825	-0.392216938973695	-0.325727308777159	-0.268281289717304	-0.233898565848739	0.180371496135337	0.264227401444194	0.272677179137643	0.353563939862797	0.145560664188526
