""	NefMES	NefAC	NefOPC	NefNPC	VerPN	VerNL	VerCL	VerMES	OXPHOS	GLYC	FAO	G2M	KEGG_CC	WP_CC	BIOCARTA_CC	PD.L1
CD274	0.000155471138300428	3.1071769382375e-05	2.86969858998924e-09	1.90265058193344e-08	1.15264459044237e-11	0.254384439818261	1.44664970776978e-05	0.0342144600146706	0.00423353168950156	0.225407088377363	0.891560091596244	0.0811816421892157	7.96413713655388e-06	6.55662329725902e-06	0.000268507392350633	4.95581899153474e-13
LAG3	0.0285807946708569	0.000350741431368227	0.421213919440865	0.151438329096822	0.000739151661794031	0.622954904721369	0.740154685960907	0.0043922349755088	0.013477481199376	0.0205116803345162	0.0912958149174434	0.459859031149395	0.0820568210351357	0.0792543228856512	0.114151768090541	0.00266995815990688
HAVCR2	0.188078785357089	0.0271954533754959	0.00664213585531257	0.0241464895336945	0.000295673462924105	0.676779315818761	0.387805414860087	0.822764943925602	0.025567206217791	0.0168421450258152	0.824062285758212	0.374403792692982	0.209549473892517	0.1968536313665	0.435090941149668	0.000411460778348648
CD47	5.08780999340442e-12	1.47790890690683e-06	0.984654996501423	0.00235181630835176	0.5203402467431	0.259079904189027	0.0145926437366889	1.36396293473783e-11	0.000505625651743261	3.05920173000334e-05	0.250144143419662	9.56590585149068e-05	0.00121913817831699	0.00166961544308302	0.477975199089886	0.000192302083742094
LGALS9	0.128462707422606	0.0685933240201391	0.377874201294161	0.0533135295674641	0.0650129456489368	0.000737336327659226	0.888854115381071	0.00673673639795783	1.79197136294024e-06	0.188682646391217	0.0219236540309629	0.191069601332721	0.523583699271928	0.507594188391425	0.849566494347652	0.334059576693887
CD276	4.20092431358394e-12	1.32601060010407e-37	3.86145400893681e-21	7.08172535274247e-05	3.55167811804341e-10	0.0195878573028474	1.19621000414904e-21	5.16074657753041e-21	7.92582947160965e-16	8.6976633101513e-14	0.00669730893138789	0.958092986820338	0.00038866105947976	0.000306893685191355	0.465205110163235	1.33220538427468e-29
