""	BIOCARTA_CC	FAO	G2M	GLYC	KEGG_CC	NefAC	NefMES	NefNPC	NefOPC	OXPHOS	PD.L1	VerCL	VerMES	VerNL	VerPN	WP_CC
CTLA4	-0.0877317736712205	-0.129731027024464	-0.145597411624579	-0.113397984053758	-0.221196067660418	0.0713987307005146	-0.068598780476965	-0.0513324207650758	0.0825985315947129	-0.120864517983224	-0.127864393542098	-0.177796839195399	-0.0900650655241785	-0.223062701142784	-0.178263497565991	-0.18386339801309
CD274	0.494773519163763	-0.770731707317073	-0.219337979094077	-0.0299651567944251	-0.213588850174216	-0.067595818815331	0.534843205574913	-0.133449477351916	0.0310104529616725	-0.359581881533101	0.567073170731707	-0.29006968641115	0.53205574912892	-0.509756097560976	-0.628745644599303	-0.0961672473867596
LAG3	-0.462919433923273	0.533681967873894	0.261437933315102	-0.230413965228376	0.266143816114773	-0.0665795270175792	-0.626579580178527	-0.330370401732517	0.0448801785524258	0.463355163812132	-0.709193967106099	-0.137254914990428	-0.760958677902489	0.263355144826079	0.228671045672942	0.137690644879287
HAVCR2	0.454355400696864	-0.546515679442509	-0.249303135888502	0.0125435540069686	-0.231184668989547	-0.131881533101045	0.64198606271777	-0.04198606271777	0.209059233449477	-0.540940766550523	0.493379790940767	-0.137282229965157	0.409233449477352	-0.428919860627178	-0.404529616724739	-0.147735191637631
CD47	0.416550522648084	-0.584843205574913	0.167073170731707	-0.183797909407666	0.145296167247387	-0.0277003484320558	0.196864111498258	-0.217421602787456	0.012020905923345	-0.291637630662021	0.439547038327526	-0.414808362369338	0.159756097560976	-0.291114982578397	-0.339372822299652	0.239721254355401
LGALS9	-0.316202090592335	0.353832752613241	0.255226480836237	-0.00261324041811847	0.229268292682927	0.0346689895470383	-0.256620209059234	0.0881533101045296	0.116898954703833	0.201045296167247	-0.378397212543554	0.255226480836237	-0.442682926829268	0.232229965156795	0.47822299651568	0.150696864111498
CD276	0.293205574912892	-0.621080139372823	-0.382404181184669	0.153484320557491	-0.386062717770035	-0.152264808362369	0.647560975609756	0.014808362369338	0.21184668989547	-0.384843205574913	0.367247386759582	-0.0844947735191638	0.585714285714286	-0.45801393728223	-0.521254355400697	-0.277351916376307
