	NefAC	NefMES	NefNPC	NefOPC	VerCL	VerMES	VerNL	VerPN
NefAC	0.0	0.5701563208157683	0.2894032248467901	0.0038503204637324014	0.0008629681828999769	0.38512064355625636	0.6514014957024814	0.4197530864197531
NefMES	0.5701563208157683	0.0	0.1017330374542646	0.6514014957024814	0.6514014957024814	0.0020082755054294677	0.014902667686230067	0.1389599571607067
NefNPC	0.2894032248467901	0.1017330374542646	0.0	0.1389599571607067	0.1389599571607067	0.07098765432098751	0.006530017254715292	0.014902667686230067
NefOPC	0.0038503204637324014	0.6514014957024814	0.1389599571607067	0.0	0.0020082755054294677	0.4927262450169573	0.38512064355625636	0.11952980613879259
VerCL	0.0008629681828999769	0.6514014957024814	0.1389599571607067	0.0020082755054294677	0.0	0.4927262450169573	0.4556448907375822	0.260404767436885
VerMES	0.38512064355625636	0.0020082755054294677	0.07098765432098751	0.4927262450169573	0.4927262450169573	0.0	0.020815127253525276	0.11952980613879259
VerNL	0.6514014957024814	0.014902667686230067	0.006530017254715292	0.38512064355625636	0.4556448907375822	0.020815127253525276	0.0	0.0020082755054294677
VerPN	0.4197530864197531	0.1389599571607067	0.014902667686230067	0.11952980613879259	0.260404767436885	0.11952980613879259	0.0020082755054294677	0.0
