	NefAC	NefMES	NefNPC	NefOPC	VerCL	VerMES	VerNL	VerPN
NefAC	1.0	0.09286359530261969	0.17712285456187896	0.27197380307136404	0.7169376693766938	-0.20788166214995482	0.03629177958446251	0.06528906955736224
NefMES	0.09286359530261969	1.0	-0.3467253839205059	-0.06032068654019874	0.1992773261065944	0.6749322493224932	0.1371725383920506	-0.4323170731707317
NefNPC	0.17712285456187896	-0.3467253839205059	1.0	0.5320460704607046	-0.16194670280036133	-0.4297651309846432	0.24243450767841013	0.8962511291779585
NefOPC	0.27197380307136404	-0.06032068654019874	0.5320460704607046	1.0	-0.17186088527551943	-0.01102077687443541	0.6683152664859981	0.6513775971093044
VerCL	0.7169376693766938	0.1992773261065944	-0.16194670280036133	-0.17186088527551943	1.0	-0.14932249322493224	-0.3715672990063234	-0.23477868112014452
VerMES	-0.20788166214995482	0.6749322493224932	-0.4297651309846432	-0.01102077687443541	-0.14932249322493224	1.0	0.24679313459801264	-0.4393631436314363
VerNL	0.03629177958446251	0.1371725383920506	0.24243450767841013	0.6683152664859981	-0.3715672990063234	0.24679313459801264	1.0	0.355713640469738
VerPN	0.06528906955736224	-0.4323170731707317	0.8962511291779585	0.6513775971093044	-0.23477868112014452	-0.4393631436314363	0.355713640469738	1.0
