""	BIOCARTA_CC	FAO	G2M	GLYC	KEGG_CC	NefAC	NefMES	NefNPC	NefOPC	OXPHOS	PD.L1	VerCL	VerMES	VerNL	VerPN	WP_CC
CTLA4	-0.130930734141595	0.392792202424786	0.654653670707977	0.130930734141595	0.130930734141595	-0.392792202424786	0.130930734141595	-0.130930734141595	-0.130930734141595	0.130930734141595	0.654653670707977	0.392792202424786	-0.392792202424786	-0.392792202424786	0.130930734141595	0.130930734141595
CD274	0.333947207395404	0.151794185179729	0.698253251826754	0.394664881467296	0.151794185179729	-0.880406274042429	0.94112394811432	-0.333947207395404	-0.94112394811432	0.212511859251621	0.576817903682971	-0.212511859251621	0.516100229611079	-0.880406274042429	-0.758970925898646	-0.0303588370359458
LAG3	0.371428571428571	0.371428571428571	0.942857142857143	0.657142857142857	0.6	-0.714285714285714	0.771428571428571	-0.2	-0.771428571428571	0.314285714285714	0.428571428571429	-0.0285714285714286	0.257142857142857	-0.714285714285714	-0.714285714285714	0.371428571428571
HAVCR2	0.428571428571429	0.257142857142857	0.828571428571429	0.6	0.485714285714286	-0.771428571428571	0.885714285714286	-0.257142857142857	-0.885714285714286	0.257142857142857	0.371428571428571	-0.142857142857143	0.485714285714286	-0.771428571428571	-0.828571428571429	0.257142857142857
CD47	0.6	0.6	0.885714285714286	0.828571428571429	0.714285714285714	-0.771428571428571	0.828571428571429	-0.428571428571429	-0.828571428571429	0.6	0.6	-0.314285714285714	0.371428571428571	-0.771428571428571	-0.828571428571429	0.542857142857143
LGALS9	0.463816828521959	0.463816828521959	0.724713794565561	0.463816828521959	0.202919862478357	-0.985610760609162	0.927633657043918	-0.637748139217693	-0.927633657043918	0.405839724956714	0.869656553478673	-0.260896966043602	0.550782483869826	-0.985610760609162	-0.695725242782938	0.144942758913112
CD276	0.6	0.428571428571429	0.714285714285714	0.6	0.371428571428571	-0.942857142857143	1	-0.6	-1	0.428571428571429	0.657142857142857	-0.371428571428571	0.714285714285714	-0.942857142857143	-0.885714285714286	0.257142857142857
