""	NefMES	NefAC	NefOPC	NefNPC	VerPN	VerNL	VerCL	VerMES	OXPHOS	GLYC	FAO	G2M	KEGG_CC	WP_CC	BIOCARTA_CC	PD.L1
CD274	8.0654165503294e-50	1.03720069036184e-06	8.02425753675524e-13	0.0558250202702573	2.14215499549958e-09	0.537420903236573	0.764431797872534	4.2011066545625e-29	0.070527812533572	0.000151465500236217	0.00388083939342707	0.141001961223736	0.0533450102907528	0.0339581305776114	0.000965338683507752	8.24357912091937e-106
LAG3	0.000144358829682739	0.00208901114384954	4.01415505227722e-07	0.0419766374603804	0.000190432391332795	0.277674267905206	0.443061335104396	1.01502534862063e-09	0.516152272155013	0.325575662381092	0.340932024960928	0.760793790248402	0.462574726744834	0.469434140402252	0.433808109792409	0.00485364562518927
HAVCR2	0.647768103350858	0.784399134588587	0.222391498876576	0.0169591201632955	0.0788965167328024	0.763022674531317	0.631735963505776	0.518096969851635	0.499554748472087	0.746576404781466	0.628398492042505	0.591064558591108	0.362740142712492	0.377631198308887	0.0779213376769318	0.697109926220448
CD47	1.58247534197831e-82	0.00147986206587623	0.00129266723117483	2.7721358412173e-13	0.364448872353867	1.18317538809381e-13	0.00457065847972982	4.05765971601381e-29	6.93736278284314e-05	9.55484480051109e-32	2.13047907927862e-22	0.662813154305016	0.00167417082329145	0.000927378917328145	0.000235524826370293	7.57978072621799e-57
LGALS9	2.75317539494724e-150	0.869387294033653	0.468367224641828	0.265024994530265	2.07336203408955e-17	3.58825168819662e-22	0.00139748062377757	1.9768987963224e-79	4.72005717068564e-31	1.9941912434746e-28	2.1882671282695e-27	0.00114404518015458	0.0395855922682655	0.0285169234553234	0.200415125697103	8.78166511976876e-263
CD276	1.90419813447915e-28	3.9944573431844e-05	0.000865490809005874	0.0452618728114644	0.00117569053744804	0.0362873513951045	0.804845091663535	5.99556208545209e-06	9.46266869930983e-15	2.28763753603789e-19	5.84760101358029e-11	3.51745878212276e-10	3.1907174674881e-17	1.11838877871221e-17	1.34083206958257e-14	1.07468713233454e-06
