""	NefMES	NefAC	NefOPC	NefNPC	VerPN	VerNL	VerCL	VerMES	OXPHOS	GLYC	FAO	G2M	KEGG_CC	WP_CC	BIOCARTA_CC	PD.L1
CD274	0.260316121282131	-0.0870220687462783	-0.127299108992153	-0.0341264376288393	-0.106557403816539	0.0110080965467945	-0.00534901180454628	0.1978933023516	0.0322734728087776	0.0675503381057346	0.0515111048822717	-0.0262719582878154	0.0344780997469424	0.0378386549112397	0.0588618414214143	0.375607198651809
LAG3	0.0677624492871169	-0.0548880743310677	-0.0902842359680704	-0.0362905695004143	-0.0665314698878726	-0.0193754361436789	0.013690936617477	0.108687593054293	0.0115894196895214	0.0175463804163339	-0.0169978066096812	-0.00543419716123103	-0.0131123142274867	-0.0129121737591495	0.0139703900037486	0.0502444571637239
HAVCR2	0.00815491747447634	0.00488357395861489	-0.0217779081561368	-0.0425992556224418	-0.0313570189960362	-0.00538199242012958	0.00855509289555454	0.0115357624957168	-0.0120517322843223	-0.00576831247204308	-0.00863893544944835	0.00959049280115707	0.016245242638691	0.015747556173258	0.0314596069313219	0.00694758858629027
CD47	0.333618658122358	0.0566925373463228	0.0573869694370228	0.129842596429155	0.0161874956940021	0.131844731122799	0.050587261256345	0.197946621927962	0.0709255387628095	0.207010468861503	0.172472822830061	-0.00778307486684094	0.0560525655733829	0.0590619611298322	0.0655729488561106	0.278006014405627
LGALS9	0.441874662796233	0.00293519539468947	-0.012943196673868	0.0198935437554169	-0.150673865707119	0.171545364696624	0.0569875431210666	0.327513784958981	0.204659653472574	0.195487050624566	0.191723430803861	-0.0580078916159699	0.0367238133778037	0.0390784319971462	0.0228516533131326	0.563544964642967
CD276	0.195558846950109	-0.0732259015294262	-0.0594051044723834	0.0357281431438145	-0.0578696824102868	0.0373594321674374	0.00441039190435068	0.0806672761933085	0.137612961062236	0.159593483942542	0.116476541097341	0.111641957153091	0.149792235318099	0.151927240257868	0.136831640570783	0.0868978133534268
