	NefAC	NefMES	NefNPC	NefOPC	VerCL	VerMES	VerNL	VerPN
NefAC	0.0	0.27929918633889644	0.6753924433529066	0.3778365748637942	1.7979415518677503e-11	0.09845235213941338	0.24021271644123393	0.14323710465673492
NefMES	0.27929918633889644	0.0	0.009404631541440665	0.000915723434773265	0.024900050626183855	6.261076888446153e-09	2.634611515310351e-06	0.0003935497903806711
NefNPC	0.6753924433529066	0.009404631541440665	0.0	1.292545471340904e-07	0.18150161167861317	0.00027994656091354114	0.13646007213057193	2.0017287017369953e-15
NefOPC	0.3778365748637942	0.000915723434773265	1.292545471340904e-07	0.0	0.029275096385294658	0.00021978554957587736	0.0006929493074642475	4.5972602594670905e-08
VerCL	1.7979415518677503e-11	0.024900050626183855	0.18150161167861317	0.029275096385294658	0.0	0.012983992653833291	0.002824771705829316	0.01911963245778618
VerMES	0.09845235213941338	6.261076888446153e-09	0.00027994656091354114	0.00021978554957587736	0.012983992653833291	0.0	0.0011244758736298896	7.613808769725512e-08
VerNL	0.24021271644123393	2.634611515310351e-06	0.13646007213057193	0.0006929493074642475	0.002824771705829316	0.0011244758736298896	0.0	0.028943104400621696
VerPN	0.14323710465673492	0.0003935497903806711	2.0017287017369953e-15	4.5972602594670905e-08	0.01911963245778618	7.613808769725512e-08	0.028943104400621696	0.0
