	NefMES	NefAC	NefOPC	NefNPC	VerPN	VerNL	VerCL	VerMES
NefMES	1.0	0.3467088362095565	-0.056727621667998177	-0.5078814923841086	-0.24669535597851044	-0.06465225146952756	0.2273612363126872	0.845364321716139
NefAC	0.3467088362095565	1.0	0.7916805774358225	0.3772668646872642	0.5922200594755316	-0.43713536328879893	0.8505073525974067	0.652585135678643
NefOPC	-0.056727621667998177	0.7916805774358225	1.0	0.6646234677099467	0.8748822855053927	-0.7057067554267046	0.6791803492854399	0.36198043862315243
NefNPC	-0.5078814923841086	0.3772668646872642	0.6646234677099467	1.0	0.8109401077727246	-0.46505260941981486	0.5239038493951058	-0.18108990914702772
VerPN	-0.24669535597851044	0.5922200594755316	0.8748822855053927	0.8109401077727246	1.0	-0.7924448354171945	0.5741547496204044	0.18033954561940635
VerNL	-0.06465225146952756	-0.43713536328879893	-0.7057067554267046	-0.46505260941981486	-0.7924448354171945	1.0	-0.40586690426551725	-0.3689385647764742
VerCL	0.2273612363126872	0.8505073525974067	0.6791803492854399	0.5239038493951058	0.5741547496204044	-0.40586690426551725	1.0	0.5323745820670494
VerMES	0.845364321716139	0.652585135678643	0.36198043862315243	-0.18108990914702772	0.18033954561940635	-0.3689385647764742	0.5323745820670494	1.0
