	NefAC	NefMES	NefNPC	NefOPC	VerCL	VerMES	VerNL	VerPN
NefAC	0.0	0.08205437428657275	0.5259420073570242	0.03069100467835678	0.15090164160975986	0.26601937978240725	0.03664259102857075	0.03456587423827628
NefMES	0.08205437428657275	0.0	0.8829914722792039	0.4649608938522396	0.4078283225303837	0.33891317938077203	0.9781147004348607	0.6985393337442606
NefNPC	0.5259420073570242	0.8829914722792039	0.0	0.08009881431156597	0.010347788552301652	0.55269564640412	0.0032895168071510575	0.020413268169169396
NefOPC	0.03069100467835678	0.4649608938522396	0.08009881431156597	0.0	0.037717047862613165	0.44344982637269703	0.00856765215489778	0.007626484615782738
VerCL	0.15090164160975986	0.4078283225303837	0.010347788552301652	0.037717047862613165	0.0	0.622136487426624	0.00047824465233833814	1.0587514645181699e-05
VerMES	0.26601937978240725	0.33891317938077203	0.55269564640412	0.44344982637269703	0.622136487426624	0.0	0.6472364124252026	0.7894023352862747
VerNL	0.03664259102857075	0.9781147004348607	0.0032895168071510575	0.00856765215489778	0.00047824465233833814	0.6472364124252026	0.0	1.8187638095690342e-06
VerPN	0.03456587423827628	0.6985393337442606	0.020413268169169396	0.007626484615782738	1.0587514645181699e-05	0.7894023352862747	1.8187638095690342e-06	0.0
