	NefAC	NefMES	NefNPC	NefOPC	VerCL	VerMES	VerNL	VerPN
NefAC	1.0	0.37888198757763975	0.14285714285714285	0.4613212874082439	0.3167701863354037	0.2478825522303783	0.44776962168266515	0.4522868435911914
NefMES	0.37888198757763975	1.0	-0.033314511575381144	0.16431394692264256	-0.1857707509881423	0.2140033879164314	0.006211180124223602	-0.08752117447769622
NefNPC	0.14285714285714285	-0.033314511575381144	1.0	0.38114059853190285	0.5347261434217956	0.13382269904009034	0.5979672501411631	0.4906832298136646
NefOPC	0.4613212874082439	0.16431394692264256	0.38114059853190285	1.0	0.44551101072840205	-0.17221908526256352	0.5460191981931113	0.5527950310559007
VerCL	0.3167701863354037	-0.1857707509881423	0.5347261434217956	0.44551101072840205	1.0	-0.11123658949745906	0.6815358554488989	0.7933370976849238
VerMES	0.2478825522303783	0.2140033879164314	0.13382269904009034	-0.17221908526256352	-0.11123658949745906	1.0	-0.10333145115753811	-0.06041784302653868
VerNL	0.44776962168266515	0.006211180124223602	0.5979672501411631	0.5460191981931113	0.6815358554488989	-0.10333145115753811	1.0	0.8294748729531338
VerPN	0.4522868435911914	-0.08752117447769622	0.4906832298136646	0.5527950310559007	0.7933370976849238	-0.06041784302653868	0.8294748729531338	1.0
