	NefAC	NefMES	NefNPC	NefOPC	VerCL	VerMES	VerNL	VerPN
NefAC	1.0	0.403896244008446	-0.20771234375722455	-0.08936084952915248	0.8340397330579659	0.31342570473005255	-0.08191668079466116	-0.37623106206556417
NefMES	0.403896244008446	1.0	-0.5794121726800548	-0.5385077755344235	0.6812107948152829	0.9013917358938397	-0.6076321994975571	-0.6857574403156451
NefNPC	-0.20771234375722455	-0.5794121726800548	1.0	0.7672271627390842	-0.4917004454171355	-0.5832652620871415	0.5322349459796865	0.9085738945486491
NefOPC	-0.08936084952915248	-0.5385077755344235	0.7672271627390842	1.0	-0.43179261131575297	-0.5201516575990629	0.6926930012484009	0.8021207404096604
VerCL	0.8340397330579659	0.6812107948152829	-0.4917004454171355	-0.43179261131575297	1.0	0.5951636021762249	-0.40864325015797665	-0.673427554212968
VerMES	0.31342570473005255	0.9013917358938397	-0.5832652620871415	-0.5201516575990629	0.5951636021762249	1.0	-0.5388314350446187	-0.6657676124716798
VerNL	-0.08191668079466116	-0.6076321994975571	0.5322349459796865	0.6926930012484009	-0.40864325015797665	-0.5388314350446187	1.0	0.5030439406315984
VerPN	-0.37623106206556417	-0.6857574403156451	0.9085738945486491	0.8021207404096604	-0.673427554212968	-0.6657676124716798	0.5030439406315984	1.0
