	NefAC	NefMES	NefNPC	NefOPC	VerCL	VerMES	VerNL	VerPN
NefAC	1.0	-0.7142857142857143	0.6571428571428571	0.37142857142857144	0.6571428571428571	-0.4857142857142857	-0.4857142857142857	0.8857142857142857
NefMES	-0.7142857142857143	1.0	-0.7714285714285715	-0.5428571428571428	-0.8285714285714286	0.5428571428571428	0.02857142857142857	-0.9428571428571428
NefNPC	0.6571428571428571	-0.7714285714285715	1.0	0.08571428571428572	0.6	-0.7714285714285715	0.2	0.8285714285714286
NefOPC	0.37142857142857144	-0.5428571428571428	0.08571428571428572	1.0	0.14285714285714285	0.37142857142857144	-0.02857142857142857	0.4857142857142857
VerCL	0.6571428571428571	-0.8285714285714286	0.6	0.14285714285714285	1.0	-0.7142857142857143	-0.3142857142857143	0.7714285714285715
VerMES	-0.4857142857142857	0.5428571428571428	-0.7714285714285715	0.37142857142857144	-0.7142857142857143	1.0	0.14285714285714285	-0.6
VerNL	-0.4857142857142857	0.02857142857142857	0.2	-0.02857142857142857	-0.3142857142857143	0.14285714285714285	1.0	-0.2
VerPN	0.8857142857142857	-0.9428571428571428	0.8285714285714286	0.4857142857142857	0.7714285714285715	-0.6	-0.2	1.0
