""	NefMES	NefAC	NefOPC	NefNPC	VerPN	VerNL	VerCL	VerMES	OXPHOS	GLYC	FAO	G2M	KEGG_CC	WP_CC	BIOCARTA_CC	PD.L1
CTLA4	2.40778337856157e-08	1.54063548227172e-117	3.99728646187771e-106	3.23558334190825e-101	1.65530852693801e-105	1.02211037526123e-78	2.87325717328359e-17	5.24383052174247e-78	1.9045926215994e-66	1.02392657014253e-09	0.724277566591344	1.27476324467706e-18	4.39163179851017e-36	2.36283179355281e-37	5.39161398926813e-51	3.04050531966829e-191
CD274	4.95155850096952e-164	0	0	0	0	2.36914987871389e-198	5.68525884949582e-142	0	2.37077032609621e-296	0.00014426390728275	1.46619490942749e-52	5.63837050437526e-259	1.48109178307772e-301	3.29501857742232e-300	1.11525127816591e-308	0
LAG3	1.23862896268704e-62	0	0	0	0	5.58851978546209e-237	9.41588049441862e-212	0	0	0.670007059783063	1.17583286340203e-50	0	0	0	0	0
HAVCR2	5.60400356795194e-226	0	0	0	0	0	0	0	0	7.1942216400775e-11	2.5193472367209e-66	0	0	0	0	0
CD47	1.90354594809218e-11	4.08075249542614e-10	4.54261825386044e-50	0.850043253431367	0.00206391872531772	6.24510488184054e-16	0.0439807162734496	9.56743966254984e-12	1.44202226030739e-24	6.8215400190869e-11	4.56099696714568e-14	2.10900999161468e-31	8.41451116347715e-27	1.16992833999682e-25	2.62241008785527e-23	1.35560072783331e-70
LGALS9	0	0	0	0	0	5.44198191492327e-292	1.64223428133671e-251	0	0	3.7979528776887e-18	3.28495808695328e-48	0	0	0	0	0
CD276	6.87729736152458e-82	1.91432740416161e-210	1.61801369960293e-99	0	1.15694830362781e-286	7.64419633561076e-107	2.66027192945292e-163	4.9394095414748e-98	0	1.06137131475799e-142	3.69730975976839e-188	2.24790125076483e-275	0	0	0	0
