	NefAC	NefMES	NefNPC	NefOPC	VerCL	VerMES	VerNL	VerPN
NefAC	0.0	0.8717434402332361	0.15617492711370237	0.07239650145772594	0.1107871720116617	0.5440932944606414	0.704	0.26570262390670557
NefMES	0.8717434402332361	0.0	0.5440932944606414	0.7871720116618075	0.9571545189504373	0.5440932944606414	0.7871720116618075	0.704
NefNPC	0.15617492711370237	0.5440932944606414	0.0	0.01884548104956266	0.46847813411078715	0.5440932944606414	0.3965014577259474	0.01884548104956266
NefOPC	0.07239650145772594	0.7871720116618075	0.01884548104956266	0.0	0.3287230320699709	0.6227871720116618	0.8717434402332361	0.15617492711370237
VerCL	0.1107871720116617	0.9571545189504373	0.46847813411078715	0.3287230320699709	0.0	0.9571545189504373	0.6227871720116618	0.3287230320699709
VerMES	0.5440932944606414	0.5440932944606414	0.5440932944606414	0.6227871720116618	0.9571545189504373	0.0	0.7871720116618075	0.46847813411078715
VerNL	0.704	0.7871720116618075	0.3965014577259474	0.8717434402332361	0.6227871720116618	0.7871720116618075	0.0	0.07239650145772594
VerPN	0.26570262390670557	0.704	0.01884548104956266	0.15617492711370237	0.3287230320699709	0.46847813411078715	0.07239650145772594	0.0
