	NefAC	NefMES	NefNPC	NefOPC	VerCL	VerMES	VerNL	VerPN
NefAC	0.0	3.4355885058443647e-06	0.3319810431533934	0.24415013312288572	3.2142397186425158e-22	2.986465989383404e-06	0.24299756796061994	0.002595357002603775
NefMES	3.4355885058443647e-06	0.0	1.1449395501562107e-10	4.6263557190094426e-07	6.9248654749059154e-18	2.212312026112164e-50	4.035885546455459e-13	3.702842355402535e-16
NefNPC	0.3319810431533934	1.1449395501562107e-10	0.0	2.919435021782991e-17	0.000322815169332771	9.753310179249092e-14	7.365779387763452e-07	1.5562482849658734e-40
NefOPC	0.24415013312288572	4.6263557190094426e-07	2.919435021782991e-17	0.0	0.010596771244335503	2.781672565258618e-05	4.301679300764386e-05	2.19597190045296e-24
VerCL	3.2142397186425158e-22	6.9248654749059154e-18	0.000322815169332771	0.010596771244335503	0.0	1.795592432175178e-14	7.974884006489651e-08	1.258348859008129e-08
VerMES	2.986465989383404e-06	2.212312026112164e-50	9.753310179249092e-14	2.781672565258618e-05	1.795592432175178e-14	0.0	4.5734505916517375e-11	4.0953161945251e-18
VerNL	0.24299756796061994	4.035885546455459e-13	7.365779387763452e-07	4.301679300764386e-05	7.974884006489651e-08	4.5734505916517375e-11	0.0	7.076712173056284e-05
VerPN	0.002595357002603775	3.702842355402535e-16	1.5562482849658734e-40	2.19597190045296e-24	1.258348859008129e-08	4.0953161945251e-18	7.076712173056284e-05	0.0
