Name,BIOCARTA_CC,FAO,G2M,GLYC,KEGG_CC,NefAC,NefMES,NefNPC,NefOPC,OXPHOS,VerCL,VerMES,VerNL,VerPN,WP_CC
GSM5946874,2.6848354108768833,2.5697492854383808,2.626596796951233,2.4833226393160444,2.523645926850482,3.1351679498214096,2.9001123343389543,2.9681300856370374,3.1333471322048427,3.1142460148199405,2.506485494850743,2.282656761449667,2.7351395429028384,2.725298045216823,2.525079729195021
GSM5946875,2.7763458273588473,2.601610623035655,2.726953776619845,2.4993561370030566,2.6135926547725647,3.0953600464544064,2.9257847440706244,2.994205062166842,3.074424409389326,3.1106777514765205,2.5181152875904846,2.2659112239586303,2.7330789472096124,2.739172710101027,2.6126600860983094
GSM5946876,2.837466344240223,2.5603816329070486,2.835833490595878,2.4687788345533628,2.709534103502773,3.0514598709875784,2.9015090600895204,2.9606287604232393,3.145465012110054,3.081559139107685,2.473349793959653,2.2254924218474037,2.617488567660826,2.7859507119754934,2.7071355658749936
GSM5946878,2.591116781690711,2.5500229278127438,2.550235116604242,2.4804573181801066,2.5053345559592315,3.096365830748106,2.875189321920117,2.9799448797374257,3.181412212282257,3.0650239264053107,2.499490952124624,2.23206392371603,2.729479707453826,2.7789804243273277,2.511273985098175
GSM5946879,2.768637241770821,2.5482414121522425,2.7192066700689064,2.4754721740659424,2.601988077445235,3.1002160162016668,2.9510018518692567,2.9703049616763963,3.155880424793313,3.0954032698012965,2.4880174980298224,2.360151231715553,2.693577488107757,2.7557915923787735,2.6018247533018477
GSM5946880,2.8090038262085777,2.6160772956530653,2.754134151516776,2.4646042535133543,2.6515935707716634,3.0972913074332555,2.808828058870645,2.938514005589599,3.1465428421627104,3.122921759015067,2.491715548860578,2.181412212282257,2.6292850806414876,2.7194036426363097,2.650671293326856
GSM5946881,2.805530941438234,2.477305676240029,2.75093979651544,2.513072075288928,2.6625959533010417,2.982130207311874,3.0111391106036027,2.8741603758003658,3.006602654148929,3.066656166976592,2.485847329711938,2.399762172956578,2.476435629532142,2.6733344564071357,2.66414688304444
GSM5946882,2.8456787046566734,2.484724023492962,2.7751759280253503,2.6209597761715284,2.7001390986573903,2.9061553339778605,3.0863173060797537,2.7634505342549915,2.861329401122862,3.05988678442456,2.5106636420132515,2.6211467956245404,2.2879583113277695,2.514015469075254,2.6977531194847924
