""	NefMES	NefAC	NefOPC	NefNPC	VerPN	VerNL	VerCL	VerMES	OXPHOS	GLYC	FAO	G2M	KEGG_CC	WP_CC	BIOCARTA_CC	PD.L1
CD274	0.602999064729943	0.294532500198235	0.778922457322817	0.785187369846665	0.390022501418463	0.89119675164403	0.0164328999417056	0.953869128815381	0.652095706306378	0.621468139645328	0.418140892383117	0.920471643994416	0.622104369717327	0.643421989219421	0.00397854875965429	1.7060038308771e-16
LAG3	0.781126327390689	0.272949703258803	0.796867932442471	0.688081316227173	0.0677084831309416	0.477700336486538	0.0594540497206985	0.204905173595645	0.08106153947746	0.816266232047767	0.496343281554994	0.327489927317398	0.272516791681837	0.250176651586372	0.885384788783745	0.773889669719815
HAVCR2	0.621932969859791	0.0862028671190372	0.503050587323241	0.543845839576869	0.506126489981746	0.215838417068563	0.817576741271489	0.68431299493215	0.160158265743242	0.547651346590965	0.809096295740819	0.0761927036998994	0.708685403652348	0.698096417083215	0.363499150451772	0.388402771251601
CD47	0.0044477667959251	0.364313658304096	0.0174512165585919	8.08351965368942e-06	1.33777453946292e-09	0.00212371143834956	0.011431046018249	8.47931107845039e-05	1.55886222579786e-07	1.54192136852549e-05	1.33935866496405e-05	0.0289202957225871	0.450885166270354	0.330635899533081	0.286730339588297	0.87461205893249
LGALS9	0.00930797116071607	0.0407334237048788	0.000470056970808782	0.00932142454242539	1.41153502640374e-15	0.00264345249335795	3.73319689800806e-05	0.0148335679993281	1.10268981975967e-16	4.06537371247419e-05	3.72732853742765e-05	0.0165579880802587	0.358715556659084	0.27477398699212	0.0677929295552402	0.789289263363624
CD276	0.0848721581245155	0.863978124183211	0.524609022949099	0.118378284174287	0.00144428845577861	0.00745504507249914	0.000203678327365234	0.60329898219675	0.000479434730095367	0.0466280819508696	0.0322432388721953	0.688316164981414	0.152375184235999	0.198673726105736	0.00533241450289268	0.853195780376064
