	NefAC	NefMES	NefNPC	NefOPC	VerCL	VerMES	VerNL	VerPN
NefAC	0.0	0.0029928636801859797	0.011374198642690932	0.016831456186893395	0.0029928636801859797	0.020185498509854096	0.010245193941127854	0.0034464502618274493
NefMES	0.0029928636801859797	0.0	0.054842119775407844	0.020185498509854096	0.012593030496094107	0.03316990109010587	0.011374198642690932	0.006543490146837885
NefNPC	0.011374198642690932	0.054842119775407844	0.0	0.00011413359814618011	0.0013633152527271922	0.6966831093957659	0.16669998762494495	0.000521133700481005
NefOPC	0.016831456186893395	0.020185498509854096	0.00011413359814618011	0.0	0.010245193941127854	0.8121826980280591	0.2969041156887641	0.00025981184986148103
VerCL	0.0029928636801859797	0.012593030496094107	0.0013633152527271922	0.010245193941127854	0.0	0.05126558978649144	0.035805997052029234	0.016831456186893395
VerMES	0.020185498509854096	0.03316990109010587	0.6966831093957659	0.8121826980280591	0.05126558978649144	0.0	0.004508435484294225	0.5868236643627043
VerNL	0.010245193941127854	0.011374198642690932	0.16669998762494495	0.2969041156887641	0.035805997052029234	0.004508435484294225	0.0	0.044609296463363105
VerPN	0.0034464502618274493	0.006543490146837885	0.000521133700481005	0.00025981184986148103	0.016831456186893395	0.5868236643627043	0.044609296463363105	0.0
