Name,NefAC,NefMES,NefNPC,NefOPC,VerCL,VerMES,VerNL,VerPN
CD38KOcortex1,1.8709443597863478,1.5474701177554346,1.7372052317963946,1.6433540129553927,1.3737347066084282,0.9790149927266166,1.6197660710282236,1.5061061984933988
CD38KOcortex2,1.8194537027452145,1.8177070602130627,1.5439447944354907,1.4703261937435375,1.3456647370765922,1.4135568569236885,1.2451540650590103,1.2615281838324337
CD38KOtumor1,1.8134440229777915,1.836386178420756,1.5419375822256012,1.4595961933068695,1.3648239983615773,1.4290320911025276,1.2622422529797823,1.2682183826346496
CD38KOtumor2,1.8885978802015626,1.569327479881265,1.7651526987101043,1.64848380474303,1.382769988522699,0.9739348682411753,1.6293104693053453,1.5114131052549626
WTcortex1,1.895999267530299,1.5371364588432195,1.7366986179289579,1.6390194724424219,1.3810365012768533,0.9710515303424562,1.6053921751540026,1.4946250279637725
WTcortex2,1.9194073088256265,1.569754146808222,1.7596894844789663,1.646787156608455,1.3924615460377903,0.9757726141729257,1.6148096230593552,1.5047777531602353
WTtumor1,1.9710515303424563,1.7883969251960878,1.7266472099355703,1.8002893306798453,1.4073415670655558,1.2229953096378463,1.386229475028867,1.5027000012533718
WTtumor2,1.9626771884657128,1.7877488975792526,1.7425610997080825,1.7974378854236854,1.4244641006676009,1.2328033316668647,1.4049322473922423,1.4949244787597151
