""	BIOCARTA_CC	FAO	G2M	GLYC	KEGG_CC	NefAC	NefMES	NefNPC	NefOPC	OXPHOS	PD.L1	VerCL	VerMES	VerNL	VerPN	WP_CC
CTLA4	0.927633657043918	0.753702346348183	0.985610760609162	0.811679449913428	0.724713794565561	0.84066800169605	0.927633657043918	0.84066800169605	0.579771035652449	0.753702346348183	-0.318874069608847	0.84066800169605	-0.898645105261295	-0.84066800169605	0.637748139217693	0.724713794565561
CD274	-0.942857142857143	-0.771428571428571	-0.771428571428571	-0.885714285714286	-0.771428571428571	-0.828571428571429	-0.942857142857143	-0.771428571428571	-0.657142857142857	-0.657142857142857	0.142857142857143	-1	0.942857142857143	1	-0.6	-0.771428571428571
LAG3	0.657142857142857	1	0.714285714285714	0.942857142857143	0.885714285714286	0.942857142857143	0.657142857142857	0.657142857142857	0.771428571428571	0.6	-0.2	0.771428571428571	-0.885714285714286	-0.771428571428571	0.885714285714286	0.885714285714286
HAVCR2	0.0285714285714286	0.714285714285714	0.142857142857143	0.6	0.485714285714286	0.6	0.0285714285714286	0.0285714285714286	0.257142857142857	-0.0857142857142857	0.314285714285714	0.257142857142857	-0.485714285714286	-0.257142857142857	0.485714285714286	0.485714285714286
CD47	0.2	0.257142857142857	0.314285714285714	0.2	0.257142857142857	0.0857142857142857	0.2	0.6	0.771428571428571	0.657142857142857	-0.714285714285714	0.142857142857143	-0.0285714285714286	-0.142857142857143	0.657142857142857	0.257142857142857
LGALS9	0.657142857142857	0.828571428571429	0.885714285714286	0.771428571428571	0.714285714285714	0.771428571428571	0.657142857142857	0.828571428571429	0.771428571428571	0.771428571428571	-0.485714285714286	0.6	-0.714285714285714	-0.6	0.885714285714286	0.714285714285714
CD276	0.771428571428571	0.771428571428571	0.6	0.828571428571429	0.771428571428571	0.714285714285714	0.771428571428571	0.771428571428571	0.885714285714286	0.714285714285714	-0.314285714285714	0.885714285714286	-0.771428571428571	-0.885714285714286	0.771428571428571	0.771428571428571
