Name,NefAC,NefMES,NefNPC,NefOPC,VerCL,VerMES,VerNL,VerPN
PDX001,2.7378078764555407,3.2098822520482058,2.7770184411127192,2.3501657945772636,3.0199145966255685,2.5907034267595126,2.3173893831023475,2.6290978607304947
PDX002,2.7596528660050965,3.204776351399355,2.7304055528891396,2.3921146229786965,2.970086116138198,2.6433669643868516,2.3896404492685717,2.6069679461220483
PDX003,2.733612510961732,3.2672348712736365,2.7660612371300672,2.307646432128277,3.007736724196677,2.6486573508550664,2.2672348712736365,2.6049852281042303
PDX004,2.7391652402551894,3.218343904006456,2.7791148895582727,2.347979109188994,2.9920727890249132,2.6348737448058834,2.3177265164321113,2.6035864097067867
PDX005,2.793427499791196,3.1708869387390446,2.836136647744569,2.3929066664038863,3.0292432258089383,2.593810885872307,2.394064489423611,2.7379761863021126
PDX006,2.821747364213925,3.1203643408039086,3.0056733356331926,2.4954956505382513,3.0114981149361095,2.4979573513235653,2.4258614917489334,2.8584774663277326
