	NefAC	NefMES	NefNPC	NefOPC	VerCL	VerMES	VerNL	VerPN
NefAC	0.0	0.26570262390670557	0.6227871720116618	0.8717434402332361	0.5440932944606414	0.26570262390670557	0.04156268221574334	0.7871720116618075
NefMES	0.26570262390670557	0.0	0.5440932944606414	0.07239650145772594	0.07239650145772594	0.0	0.04156268221574334	0.01884548104956266
NefNPC	0.6227871720116618	0.5440932944606414	0.0	0.3965014577259474	0.8717434402332361	0.5440932944606414	0.7871720116618075	0.3965014577259474
NefOPC	0.8717434402332361	0.07239650145772594	0.3965014577259474	0.0	0.15617492711370237	0.07239650145772594	0.20799999999999982	0.07239650145772594
VerCL	0.5440932944606414	0.07239650145772594	0.8717434402332361	0.15617492711370237	0.0	0.07239650145772594	0.20799999999999982	0.15617492711370237
VerMES	0.26570262390670557	0.0	0.5440932944606414	0.07239650145772594	0.07239650145772594	0.0	0.04156268221574334	0.01884548104956266
VerNL	0.04156268221574334	0.04156268221574334	0.7871720116618075	0.20799999999999982	0.20799999999999982	0.04156268221574334	0.0	0.3287230320699709
VerPN	0.7871720116618075	0.01884548104956266	0.3965014577259474	0.07239650145772594	0.15617492711370237	0.01884548104956266	0.3287230320699709	0.0
