Name,BIOCARTA_CC,FAO,G2M,GLYC,KEGG_CC,NefAC,NefMES,NefNPC,NefOPC,OXPHOS,VerCL,VerMES,VerNL,VerPN,WP_CC
NeuMock1,1.6973715741280262,1.7089808647000493,1.8336061485124848,1.7229935981549762,1.7499614764553657,1.8751583759597796,1.7396145091985433,2.203766522555695,1.8157812225496592,2.0519495746906338,1.694460544889779,1.2037665225556948,1.8285522997736163,2.0564144546481535,1.7495228540667698
NeuMock2,1.6939365572354548,1.7155914109627346,1.8377274690003538,1.7354153864703534,1.7442695654758245,1.8749228507405653,1.7411593070503144,2.201290773403398,1.8012914926342642,2.0658459958207924,1.6966424415235746,1.2284716864761176,1.8290054660558086,2.053250658219256,1.7430218200313121
NeuMock3,1.6868315883882312,1.7024509572798967,1.8422078437676837,1.7154611140783607,1.7562438236989708,1.869157547002338,1.7432265451367326,2.196678401581412,1.8255213904182113,2.0294428428887397,1.6989853543576725,1.2525420478610474,1.8292108951738515,2.0609263496276378,1.755240610460723
NeuSes1,1.687694552669275,1.6859200487606538,1.8384207924444491,1.7243162647079129,1.7451647628273264,1.857647896660262,1.7412578481866536,2.190618981194449,1.8106744658619591,2.026818656181578,1.7018434975852077,1.263987031404653,1.8318852264374528,2.0630509376231947,1.743205215252764
NeuSes2,1.690513038457498,1.7013952076804344,1.837944221907643,1.7218570357403566,1.7545138956394752,1.8545884093504015,1.7427216702488713,2.1938508868543356,1.8139020560950665,2.029828887668591,1.7037402740270702,1.23175043195553,1.8266967246117318,2.0597757691592578,1.752814486429762
NeuSes3,1.6952277443420622,1.7160507805583651,1.8346422016875152,1.7291050899687648,1.745102842689329,1.8548601283256678,1.7313647189045307,2.1904545027259745,1.808537734044224,2.0336860455866477,1.7019434640785824,1.2383062942821281,1.8363551763483217,2.0589031898011094,1.742899021828051
