""	BIOCARTA_CC	FAO	G2M	GLYC	KEGG_CC	NefAC	NefMES	NefNPC	NefOPC	OXPHOS	PD.L1	VerCL	VerMES	VerNL	VerPN	WP_CC
CTLA4																
CD274	0.714285714285714	-0.0857142857142857	0.314285714285714	-0.0857142857142857	0.771428571428571	-0.257142857142857	0.314285714285714	-0.257142857142857	0.257142857142857	0.0857142857142857	0.0285714285714286	-0.142857142857143	0.2	0.485714285714286	-0.428571428571429	0.828571428571429
LAG3	-0.455382555539187	0.212511859251621	-0.576817903682971	0.151794185179729	-0.880406274042429	0.394664881467296	-0.273229533323512	-0.0303588370359458	-0.516100229611079	0.273229533323512	-0.516100229611079	0.0303588370359458	-0.333947207395404	-0.212511859251621	-0.0303588370359458	-0.758970925898646
HAVCR2	0.542857142857143	0.714285714285714	-0.771428571428571	0.542857142857143	-0.371428571428571	0.885714285714286	0.0857142857142857	-0.142857142857143	0.371428571428571	0.657142857142857	0.0285714285714286	0.0857142857142857	0.257142857142857	0.542857142857143	-0.542857142857143	-0.314285714285714
CD47	-0.6	0.714285714285714	-0.428571428571429	0.771428571428571	-0.6	0.2	0.542857142857143	0.771428571428571	0.371428571428571	0.0857142857142857	0.0285714285714286	0.2	0.6	0.0857142857142857	0.485714285714286	-0.771428571428571
LGALS9	0.169030850945703	0.845154254728517	-0.439480212458829	0.845154254728517	-0.135224680756563	0.439480212458829	0.676123403782813	0.540898723026251	0.845154254728517	0.270449361513125	0.371867872080547	0.135224680756563	0.845154254728517	0.50709255283711	0.0676123403782813	-0.304255531702266
CD276	0.0857142857142857	0.942857142857143	-0.657142857142857	0.714285714285714	-0.371428571428571	0.6	0.314285714285714	0.2	0.428571428571429	0.714285714285714	-0.142857142857143	0.485714285714286	0.485714285714286	0.771428571428571	-0.257142857142857	-0.428571428571429
