""	BIOCARTA_CC	FAO	G2M	GLYC	KEGG_CC	NefAC	NefMES	NefNPC	NefOPC	OXPHOS	PD.L1	VerCL	VerMES	VerNL	VerPN	WP_CC
CTLA4																
CD274	0.136111111111111	0.919444444444444	0.563888888888889	0.919444444444444	0.102777777777778	0.658333333333333	0.563888888888889	0.658333333333333	0.658333333333333	0.919444444444444	1	0.802777777777778	0.713888888888889	0.355555555555556	0.419444444444444	0.0583333333333333
LAG3	0.364143251942978	0.686030866008896	0.2307322519546	0.774057503165657	0.0205987347749205	0.438739251517016	0.600354590429112	0.954475734693563	0.294583741462461	0.600354590429111	0.294583741462461	0.954475734693563	0.51770020830544	0.686030866008896	0.954475734693563	0.0801412280583236
HAVCR2	0.297222222222222	0.136111111111111	0.102777777777778	0.297222222222222	0.497222222222222	0.0333333333333333	0.919444444444444	0.802777777777778	0.497222222222222	0.175	1	0.919444444444444	0.658333333333333	0.297222222222222	0.297222222222222	0.563888888888889
CD47	0.241666666666667	0.136111111111111	0.419444444444444	0.102777777777778	0.241666666666667	0.713888888888889	0.297222222222222	0.102777777777778	0.497222222222222	0.919444444444444	1	0.713888888888889	0.241666666666667	0.919444444444444	0.355555555555556	0.102777777777778
LGALS9	0.748868450023527	0.0341094231674096	0.383220913257781	0.0341094231674096	0.798399318803502	0.383220913257781	0.140357386618995	0.26777767151475	0.0341094231674096	0.604216677237078	0.467910199034463	0.798399318803502	0.0341094231674096	0.304558784680535	0.898736031924871	0.55769938705682
CD276	0.919444444444444	0.0166666666666667	0.175	0.136111111111111	0.497222222222222	0.241666666666667	0.563888888888889	0.713888888888889	0.419444444444444	0.136111111111111	0.802777777777778	0.355555555555556	0.355555555555556	0.102777777777778	0.658333333333333	0.419444444444444
