""	BIOCARTA_CC	FAO	G2M	GLYC	KEGG_CC	NefAC	NefMES	NefNPC	NefOPC	OXPHOS	PD.L1	VerCL	VerMES	VerNL	VerPN	WP_CC
CTLA4	0.00159757944320265	0.037383358970942	-0.0817960674919757	0.0284369140890072	-0.0683764001690734	0.155284721879298	0.287244783887836	-0.0466493197415174	-0.0220465963161966	-0.315042666199563	0.304179125985785	-0.0607080188417007	0.302581546542582	0.0233246598707587	-0.134196673229023	-0.0878668693761457
CD274	0.362637362637363	-0.0225885225885226	0.494505494505494	0.377899877899878	0.533577533577534	-0.409035409035409	-0.00366300366300366	-0.213064713064713	-0.224053724053724	0.145299145299145	-0.371184371184371	0.0616605616605617	-0.0213675213675214	-0.314407814407814	-0.128205128205128	0.509157509157509
LAG3	0.0216760802403313	0.238742179548437	0.20485422311637	0.531827208150099	0.248206383597033	-0.361471535275383	0.250038165025793	-0.429858041949104	-0.383758209325301	0.436879870759353	-0.384979396944475	-0.0183178142876039	0.127003512394054	-0.214318427164965	-0.374599302181499	0.235994507405297
HAVCR2	-0.32967032967033	-0.219169719169719	-0.471306471306471	-0.481074481074481	-0.5	0.269230769230769	-0.10989010989011	0.274114774114774	0.264957264957265	-0.528693528693529	0.474969474969475	-0.224664224664225	0.155677655677656	0.329059829059829	0.194139194139194	-0.478021978021978
CD47	0.0183150183150183	0.105006105006105	0.0409035409035409	0.047008547008547	0.0622710622710623	-0.112332112332112	0.090964590964591	-0.0573870573870574	0.0177045177045177	-0.109279609279609	0.221001221001221	-0.173382173382173	0.306471306471306	0.15018315018315	-0.0201465201465201	0.043956043956044
LGALS9	-0.416971916971917	-0.00549450549450549	-0.307081807081807	-0.308913308913309	-0.347985347985348	0.243589743589744	-0.0952380952380952	0.195970695970696	0.171550671550672	-0.382173382173382	0.313186813186813	-0.204517704517705	0.148962148962149	0.285714285714286	0.0952380952380952	-0.370573870573871
CD276	0.238705738705739	0.0750915750915751	0.290598290598291	0.367521367521368	0.344932844932845	-0.208791208791209	0.144078144078144	-0.263736263736264	-0.294261294261294	0.285714285714286	-0.407814407814408	0.0934065934065934	0.0543345543345543	-0.207570207570208	-0.262515262515263	0.324175824175824
