Name,BIOCARTA_CC,FAO,G2M,GLYC,KEGG_CC,NefAC,NefMES,NefNPC,NefOPC,OXPHOS,VerCL,VerMES,VerNL,VerPN,WP_CC
TPM2_STATi_2,1.4517710232362786,1.1473991596596773,1.5378203499669838,1.189849849781609,1.4525870119479294,1.5974230162824727,1.4812440691326845,1.2002715151037715,1.3744162604226606,1.6747356531219706,1.233626394059738,0.7855725417207683,0.8337350793319279,1.162037549345164,1.4596437733689394
TPM_DMSO_1,1.4405534672451832,1.1373811147713937,1.5481661583897375,1.1942793541083587,1.4550993643937218,1.6337158966987035,1.4227100106870383,1.2836241949989133,1.5129310327349694,1.6705703355615895,1.2529120545951202,0.698391204844932,0.8751849270760302,1.2490321941049878,1.4618553649070174
TPM_DMSO_2,1.439697142869629,1.1637844742352548,1.553214606163678,1.1766794077353029,1.452290896252466,1.633486930919779,1.406024600540626,1.2886142460776142,1.5124291141558726,1.6620823485395892,1.256320818151709,0.7385682474945264,0.87250825188351,1.2507696362872796,1.4585974615444113
TPM_E2Fi.STAT3i_1,1.37660128957354,1.182223358464016,1.4025600872184527,1.2112050663050888,1.3649570360938352,1.4728704132919035,1.4969315520340334,1.0924553143342801,1.1926036827913251,1.6983912048449321,1.1477479540298317,0.7945587794863156,0.8729084244533558,1.0457729031746208,1.3736869284051754
TPM_E2Fi.STAT3i_2,1.3483701066705605,1.1750546246829217,1.4248899104674733,1.2016118643044185,1.3773547434992446,1.4461108971529797,1.489198862321114,1.1023114030093248,1.2166010028822714,1.6926833023200445,1.148140967346261,0.7691071022693706,0.8517642393081891,1.062386324337075,1.3851817592820261
TPM_E2Fi_1,1.4130502497283592,1.1788600151858488,1.529288891748164,1.2172305354775206,1.4345599796265054,1.6616198816495051,1.443718266784446,1.286296531740884,1.4875013532673909,1.6801385092064254,1.2585252924128896,0.7495602111202866,0.8329555347921926,1.2321220793643242,1.441848987248831
TPM_E2Fi_2,1.411542980951772,1.1728590887573287,1.5372569881031655,1.2176828033037173,1.4478360047164034,1.6557153591928488,1.4622220972622946,1.2965113070430938,1.464467860390153,1.6736103718533688,1.259923446741363,0.7404711254799716,0.8692164373069665,1.2169802915757582,1.4547822563455102
TPM_STAT3i_1,1.3886201008378207,1.1372715786028087,1.5330391083770456,1.1925460153355283,1.429657874078639,1.5830983241995704,1.4662336651573857,1.1899478961342194,1.3580941133962414,1.6771731967687804,1.2160632771807158,0.7857643168668682,0.8362724575335808,1.1593411508852178,1.4354343667724159
