	NefAC	NefMES	NefNPC	NefOPC	VerCL	VerMES	VerNL	VerPN
NefAC	0.0	0.005726949496052468	0.6838665224366596	0.006142196483585005	2.4858590896956048e-05	0.3026331039412778	0.3131681034605389	0.10065559643827798
NefMES	0.005726949496052468	0.0	3.434292207483272e-07	0.3340020917737425	0.7360413029261083	4.657835404954689e-11	7.06257251159439e-05	1.4635406332056894e-07
NefNPC	0.6838665224366596	3.434292207483272e-07	0.0	0.5420421475368493	0.03745423212010194	3.884791931040124e-07	0.004841094981334948	1.0239774193261144e-11
NefOPC	0.006142196483585005	0.3340020917737425	0.5420421475368493	0.0	0.1187883306213252	0.19918672695684628	0.004985271625648828	0.013249161721507061
VerCL	2.4858590896956048e-05	0.7360413029261083	0.03745423212010194	0.1187883306213252	0.0	0.35136999090922627	0.2480326696864882	0.3968881944194601
VerMES	0.3026331039412778	4.657835404954689e-11	3.884791931040124e-07	0.19918672695684628	0.35136999090922627	0.0	4.014930889618646e-06	3.2385795497766444e-05
VerNL	0.3131681034605389	7.06257251159439e-05	0.004841094981334948	0.004985271625648828	0.2480326696864882	4.014930889618646e-06	0.0	0.17538777085317545
VerPN	0.10065559643827798	1.4635406332056894e-07	1.0239774193261144e-11	0.013249161721507061	0.3968881944194601	3.2385795497766444e-05	0.17538777085317545	0.0
