""	BIOCARTA_CC	FAO	G2M	GLYC	KEGG_CC	NefAC	NefMES	NefNPC	NefOPC	OXPHOS	PD.L1	VerCL	VerMES	VerNL	VerPN	WP_CC
CTLA4	0.559404344163488	0.559404344163488	0.559404344163488	0.559404344163488	0.559404344163488	0.559404344163488	1	0.559404344163488	0.559404344163488	1	0.559404344163488	0.559404344163488	1	0.559404344163488	0.559404344163488	0.559404344163488
CD274	0.717685644210786	0.450184855752101	0.450184855752101	0.450184855752101	0.450184855752101	0.450184855752101	0.117613760873458	0.450184855752101	0.450184855752101	0.117613760873458	0.857944617605099	0.450184855752101	0.117613760873458	0.450184855752101	0.450184855752101	0.450184855752101
LAG3	0.804828816608063	0.053854217727542	0.053854217727542	0.053854217727542	0.053854217727542	0.053854217727542	0.218893981313232	0.053854217727542	0.053854217727542	0.218893981313232	0.171795304907989	0.053854217727542	0.218893981313232	0.053854217727542	0.053854217727542	0.053854217727542
HAVCR2																
CD47	0.233333333333333	0.683333333333333	0.683333333333333	0.45	0.683333333333333	0.683333333333333	0.683333333333333	0.683333333333333	0.683333333333333	0.95	0.133333333333333	0.45	0.683333333333333	0.683333333333333	0.683333333333333	0.45
LGALS9	0.450184855752101	0.0405193263538342	0.0405193263538342	0.0405193263538342	0.0405193263538342	0.0405193263538342	0.21516994256955	0.0405193263538342	0.0405193263538342	0.21516994256955	0.0405193263538342	0.0405193263538342	0.21516994256955	0.0405193263538342	0.0405193263538342	0.0405193263538342
CD276	0.783333333333333	0.783333333333333	0.783333333333333	0.45	0.783333333333333	0.783333333333333	0.783333333333333	0.783333333333333	0.783333333333333	0.95	0.233333333333333	0.45	0.783333333333333	0.783333333333333	0.783333333333333	0.45
