	NefAC	NefMES	NefNPC	NefOPC	VerCL	VerMES	VerNL	VerPN
NefAC	0.0	0.006661450969899973	8.263058014053956e-10	3.563267590026003e-12	8.45232988072337e-09	0.0025685296168339333	1.8981622693887364e-06	2.615192206304798e-08
NefMES	0.006661450969899973	0.0	0.001976792001481573	0.004505654150996766	0.011297601785925497	5.395591947316851e-07	0.019060098667360623	0.0004600631748338929
NefNPC	8.263058014053956e-10	0.001976792001481573	0.0	6.782015103410835e-13	3.0888045225528893e-09	0.00017859823713910273	1.260185034238605e-07	2.6445499220283633e-14
NefOPC	3.563267590026003e-12	0.004505654150996766	6.782015103410835e-13	0.0	2.2852585168619277e-10	0.0032464428872563678	4.493231151919736e-06	3.3725335305644837e-09
VerCL	8.45232988072337e-09	0.011297601785925497	3.0888045225528893e-09	2.2852585168619277e-10	0.0	0.025561579704034474	4.6125988226586144e-05	1.1382905036326446e-06
VerMES	0.0025685296168339333	5.395591947316851e-07	0.00017859823713910273	0.0032464428872563678	0.025561579704034474	0.0	0.00243045519129241	3.0802048841753575e-06
VerNL	1.8981622693887364e-06	0.019060098667360623	1.260185034238605e-07	4.493231151919736e-06	4.6125988226586144e-05	0.00243045519129241	0.0	2.826744197737157e-09
VerPN	2.615192206304798e-08	0.0004600631748338929	2.6445499220283633e-14	3.3725335305644837e-09	1.1382905036326446e-06	3.0802048841753575e-06	2.826744197737157e-09	0.0
