	NefAC	NefMES	NefNPC	NefOPC	VerCL	VerMES	VerNL	VerPN
NefAC	1.0	-0.5382608695652173	0.908695652173913	0.9452173913043478	0.8860869565217391	-0.5869565217391305	0.8069565217391305	0.8730434782608696
NefMES	-0.5382608695652173	1.0	-0.5991304347826087	-0.5591304347826087	-0.5078260869565218	0.8295652173913044	-0.4747826086956522	-0.6591304347826087
NefNPC	0.908695652173913	-0.5991304347826087	1.0	0.9530434782608695	0.8965217391304348	-0.6921739130434783	0.8521739130434782	0.9652173913043478
NefOPC	0.9452173913043478	-0.5591304347826087	0.9530434782608695	1.0	0.9191304347826087	-0.5756521739130435	0.7895652173913044	0.8956521739130435
VerCL	0.8860869565217391	-0.5078260869565218	0.8965217391304348	0.9191304347826087	1.0	-0.4547826086956522	0.7330434782608696	0.8165217391304348
VerMES	-0.5869565217391305	0.8295652173913044	-0.6921739130434783	-0.5756521739130435	-0.4547826086956522	1.0	-0.5895652173913043	-0.7973913043478261
VerNL	0.8069565217391305	-0.4747826086956522	0.8521739130434782	0.7895652173913044	0.7330434782608696	-0.5895652173913043	1.0	0.8973913043478261
VerPN	0.8730434782608696	-0.6591304347826087	0.9652173913043478	0.8956521739130435	0.8165217391304348	-0.7973913043478261	0.8973913043478261	1.0
