""	BIOCARTA_CC	FAO	G2M	GLYC	KEGG_CC	NefAC	NefMES	NefNPC	NefOPC	OXPHOS	PD.L1	VerCL	VerMES	VerNL	VerPN	WP_CC
CD274	0.097295154675426	0.919343286130064	0.0349187914988499	0.237891549550097	0.0217585430412842	0.667364041265546	0.901099482093442	0.934903379806185	0.450963582908094	0.241115301093851	0.731821766416954	0.686846424761226	0.842114630227495	0.2089078716619	0.829876553051696	0.020658287218888
LAG3	0.725073997813635	0.754666691342619	0.893093103935825	0.41925489783801	0.986654508934762	0.903942885960693	0.224478953227228	0.153435741829554	0.199678154605502	0.18129764880849	0.24450273963203	0.108612250982282	0.248665016045956	0.663090294138042	0.1597725845735	0.983920645015407
HAVCR2	0.0123495749022435	0.771848035490566	0.0158242860983489	0.0563529391843572	0.00771043785480413	0.600002601323579	0.10967662096664	0.502663471313686	0.53866480133247	0.394773788959418	0.19001964559007	0.281513666393811	0.209446055773695	0.0985423285351846	0.30895266122862	0.00671648362835093
CD47	0.430092803470246	0.573445586082974	0.639897647293613	0.372572135844546	0.903038032931345	0.0276854581913405	0.529412366372647	0.0625309255781545	0.714687109288029	0.766980829490786	0.054080655284284	0.249747042781318	0.305139793790713	0.960628495165786	0.109639783647889	0.967392383593182
LGALS9	0.010110305140353	0.757770655858428	0.0122490044920677	0.108028473472416	0.00659247343654276	0.751318797395804	0.296921273580836	0.869526998275804	0.971686082795171	0.492495047858619	0.34240204895462	0.474307862923302	0.422470553115562	0.164187852469626	0.708358251951131	0.00625858789279405
CD276	0.798078054778428	0.617622735957727	0.927897945750101	0.786627775391353	0.813749440120061	0.736126520011317	0.930621655659827	0.433259791720229	0.393499831096926	0.719690882984965	0.435089230973938	0.944121718340109	0.571998824453041	0.861182875792581	0.88651522601604	0.768726999051896
