""	NefMES	NefAC	NefOPC	NefNPC	VerPN	VerNL	VerCL	VerMES	OXPHOS	GLYC	FAO	G2M	KEGG_CC	WP_CC	BIOCARTA_CC	PD.L1
CD274	0.110719652333608	-0.104748643318279	-0.0998384597824135	-0.122471501089814	-0.11568148000713	-0.0305769651087682	-0.016874707977717	0.118568065107476	-0.0266859783574121	0.0920275855926514	0.0390124327696925	-0.0673072032172777	-0.0844932661654927	-0.0834748479555332	-0.0838224427339063	0.131397452167145
LAG3	0.141906373306779	-0.253113182227113	-0.393474826216296	-0.396734485038351	-0.351127447730701	-0.135884921409429	-0.0406717960158328	0.422647159173041	-0.268420315936536	-0.00384451019879012	0.021392467684953	-0.29891601363115	-0.356887266488314	-0.357214661419027	-0.35006975333835	0.48201177299995
HAVCR2	0.241460124188034	-0.293324841287812	-0.351528544301396	-0.408810761558159	-0.36983175102513	-0.13470569883365	-0.0704497893530036	0.419767306732847	-0.123737489058772	0.121702015804993	0.0551888929222512	-0.261509680637083	-0.292641832069599	-0.290848796261778	-0.307758754266381	0.420744599346895
CD47	0.0404473417717899	0.0202088170262566	0.0759084791210498	0.0802228896869433	0.0522624941180646	0.0476537000253866	0.00718628490675916	-0.0184646543478652	0.0106477366632372	0.0396371649062262	0.0243209152745855	0.0172985141368202	0.0614798058845747	0.0615053090322506	0.0690996150085662	-0.0521304384558532
LGALS9	0.399774514274445	-0.373443108253815	-0.508594864621369	-0.52075039127858	-0.509511249753037	-0.186007077208841	-0.0623086017422822	0.52905295413769	-0.162761461529252	0.147712523058058	0.0685033265347335	-0.35545771362211	-0.388973691913848	-0.385748340289494	-0.408662605797112	0.517228191827627
CD276	-0.0316780574555054	0.0887112197846113	0.088375209131133	0.107748503224903	0.0923211499245951	0.0262922593016211	0.0333245692484003	-0.106541824339213	0.0862327808212445	0.0309875619945688	-0.00249389046281469	0.103033395085517	0.131559240123123	0.132524334817576	0.14128895128368	-0.123091936723562
