	NefAC	NefMES	NefNPC	NefOPC	VerCL	VerMES	VerNL	VerPN
NefAC	0.0	0.0	0.20000000000000007	0.0	0.0	0.3999999999999999	0.0	0.20000000000000007
NefMES	0.0	0.0	0.20000000000000007	0.0	0.0	0.3999999999999999	0.0	0.20000000000000007
NefNPC	0.20000000000000007	0.20000000000000007	0.0	0.20000000000000007	0.20000000000000007	0.20000000000000007	0.20000000000000007	0.0
NefOPC	0.0	0.0	0.20000000000000007	0.0	0.0	0.3999999999999999	0.0	0.20000000000000007
VerCL	0.0	0.0	0.20000000000000007	0.0	0.0	0.3999999999999999	0.0	0.20000000000000007
VerMES	0.3999999999999999	0.3999999999999999	0.20000000000000007	0.3999999999999999	0.3999999999999999	0.0	0.3999999999999999	0.20000000000000007
VerNL	0.0	0.0	0.20000000000000007	0.0	0.0	0.3999999999999999	0.0	0.20000000000000007
VerPN	0.20000000000000007	0.20000000000000007	0.0	0.20000000000000007	0.20000000000000007	0.20000000000000007	0.20000000000000007	0.0
