	NefAC	NefMES	NefNPC	NefOPC	VerCL	VerMES	VerNL	VerPN
NefAC	1.0	0.06837606837606838	0.5372405372405372	0.5659340659340659	0.4877899877899878	-0.1349206349206349	0.3424908424908425	0.405982905982906
NefMES	0.06837606837606838	1.0	-0.5622710622710623	-0.45604395604395603	0.27472527472527475	0.7527472527472527	-0.36874236874236876	-0.6495726495726496
NefNPC	0.5372405372405372	-0.5622710622710623	1.0	0.9352869352869353	-0.03296703296703297	-0.6813186813186813	0.6184371184371185	0.9676434676434676
NefOPC	0.5659340659340659	-0.45604395604395603	0.9352869352869353	1.0	-0.06471306471306472	-0.6117216117216118	0.6617826617826618	0.9175824175824175
VerCL	0.4877899877899878	0.27472527472527475	-0.03296703296703297	-0.06471306471306472	1.0	-0.06593406593406594	-0.525030525030525	-0.06105006105006105
VerMES	-0.1349206349206349	0.7527472527472527	-0.6813186813186813	-0.6117216117216118	-0.06593406593406594	1.0	-0.13247863247863248	-0.7686202686202687
VerNL	0.3424908424908425	-0.36874236874236876	0.6184371184371185	0.6617826617826618	-0.525030525030525	-0.13247863247863248	1.0	0.5512820512820513
VerPN	0.405982905982906	-0.6495726495726496	0.9676434676434676	0.9175824175824175	-0.06105006105006105	-0.7686202686202687	0.5512820512820513	1.0
