	NefAC	NefMES	NefNPC	NefOPC	VerCL	VerMES	VerNL	VerPN
NefAC	1.0	-0.23809523809523808	0.42857142857142855	0.8809523809523809	0.9285714285714286	-0.35714285714285715	0.19047619047619047	0.3333333333333333
NefMES	-0.23809523809523808	1.0	-0.6190476190476191	-0.19047619047619047	-0.19047619047619047	0.9047619047619048	-0.8095238095238095	-0.5714285714285714
NefNPC	0.42857142857142855	-0.6190476190476191	1.0	0.5714285714285714	0.5714285714285714	-0.6666666666666666	0.8571428571428571	0.8095238095238095
NefOPC	0.8809523809523809	-0.19047619047619047	0.5714285714285714	1.0	0.9047619047619048	-0.2857142857142857	0.35714285714285715	0.5952380952380952
VerCL	0.9285714285714286	-0.19047619047619047	0.5714285714285714	0.9047619047619048	1.0	-0.2857142857142857	0.30952380952380953	0.4523809523809524
VerMES	-0.35714285714285715	0.9047619047619048	-0.6666666666666666	-0.2857142857142857	-0.2857142857142857	1.0	-0.7857142857142857	-0.5952380952380952
VerNL	0.19047619047619047	-0.8095238095238095	0.8571428571428571	0.35714285714285715	0.30952380952380953	-0.7857142857142857	1.0	0.9047619047619048
VerPN	0.3333333333333333	-0.5714285714285714	0.8095238095238095	0.5952380952380952	0.4523809523809524	-0.5952380952380952	0.9047619047619048	1.0
