	NefAC	NefMES	NefNPC	NefOPC	VerCL	VerMES	VerNL	VerPN
NefAC	1.0	0.12727272727272726	-0.3212121212121212	-0.28484848484848485	0.6848484848484848	0.030303030303030304	-0.41818181818181815	-0.34545454545454546
NefMES	0.12727272727272726	1.0	0.15151515151515152	-0.09090909090909091	0.503030303030303	0.696969696969697	-0.28484848484848485	-0.38181818181818183
NefNPC	-0.3212121212121212	0.15151515151515152	1.0	0.21212121212121213	-0.296969696969697	-0.3090909090909091	0.4666666666666667	0.6484848484848484
NefOPC	-0.28484848484848485	-0.09090909090909091	0.21212121212121213	1.0	-0.4666666666666667	-0.3090909090909091	0.8303030303030303	0.6727272727272727
VerCL	0.6848484848484848	0.503030303030303	-0.296969696969697	-0.4666666666666667	1.0	0.6484848484848484	-0.7696969696969697	-0.6121212121212121
VerMES	0.030303030303030304	0.696969696969697	-0.3090909090909091	-0.3090909090909091	0.6484848484848484	1.0	-0.5878787878787879	-0.6363636363636364
VerNL	-0.41818181818181815	-0.28484848484848485	0.4666666666666667	0.8303030303030303	-0.7696969696969697	-0.5878787878787879	1.0	0.793939393939394
VerPN	-0.34545454545454546	-0.38181818181818183	0.6484848484848484	0.6727272727272727	-0.6121212121212121	-0.6363636363636364	0.793939393939394	1.0
