	NefAC	NefMES	NefNPC	NefOPC	VerCL	VerMES	VerNL	VerPN
NefAC	0.0	0.7260570147627894	0.3654683104386702	0.42503815489214547	0.02888279750673276	0.9337729580941466	0.22911284098281892	0.32822651147136733
NefMES	0.7260570147627894	0.0	0.6760651759978538	0.8027717312071619	0.13833369839449197	0.02509667588225183	0.42503815489214547	0.27625533338543595
NefNPC	0.3654683104386702	0.6760651759978538	0.0	0.5563057751029299	0.4047016712701569	0.3848412302612835	0.17393859716506632	0.04254012768448945
NefOPC	0.42503815489214547	0.8027717312071619	0.5563057751029299	0.0	0.17393859716506632	0.3848412302612835	0.0029402270232795065	0.0330412225454377
VerCL	0.02888279750673276	0.13833369839449197	0.4047016712701569	0.17393859716506632	0.0	0.04254012768448945	0.009221952722215994	0.05997214247725524
VerMES	0.9337729580941466	0.02509667588225183	0.3848412302612835	0.3848412302612835	0.04254012768448945	0.0	0.07387770688865801	0.04791172612997547
VerNL	0.22911284098281892	0.42503815489214547	0.17393859716506632	0.0029402270232795065	0.009221952722215994	0.07387770688865801	0.0	0.0060999233136969115
VerPN	0.32822651147136733	0.27625533338543595	0.04254012768448945	0.0330412225454377	0.05997214247725524	0.04791172612997547	0.0060999233136969115	0.0
