	NefAC	NefMES	NefNPC	NefOPC	VerCL	VerMES	VerNL	VerPN
NefAC	1.0	0.8790560471976401	-0.3746312684365782	-0.7699115044247787	0.831858407079646	0.855457227138643	-0.05604719764011799	-0.8849557522123894
NefMES	0.8790560471976401	1.0	-0.43952802359882004	-0.9410029498525073	0.8643067846607669	0.9557522123893806	-0.28023598820059	-0.9911504424778761
NefNPC	-0.3746312684365782	-0.43952802359882004	1.0	0.5132743362831859	-0.584070796460177	-0.49852507374631266	0.5870206489675516	0.45722713864306785
NefOPC	-0.7699115044247787	-0.9410029498525073	0.5132743362831859	1.0	-0.8259587020648967	-0.8967551622418879	0.40707964601769914	0.9233038348082596
VerCL	0.831858407079646	0.8643067846607669	-0.584070796460177	-0.8259587020648967	1.0	0.8938053097345132	-0.4896755162241888	-0.8436578171091446
VerMES	0.855457227138643	0.9557522123893806	-0.49852507374631266	-0.8967551622418879	0.8938053097345132	1.0	-0.28023598820059	-0.9587020648967551
VerNL	-0.05604719764011799	-0.28023598820059	0.5870206489675516	0.40707964601769914	-0.4896755162241888	-0.28023598820059	1.0	0.25073746312684364
VerPN	-0.8849557522123894	-0.9911504424778761	0.45722713864306785	0.9233038348082596	-0.8436578171091446	-0.9587020648967551	0.25073746312684364	1.0
