	NefAC	NefMES	NefNPC	NefOPC	VerCL	VerMES	VerNL	VerPN
NefAC	1.0	0.3755469755469755	0.5768339768339769	0.6151866151866152	0.7155727155727156	0.10656370656370656	0.541055341055341	0.496010296010296
NefMES	0.3755469755469755	1.0	0.03963963963963964	0.0574002574002574	0.6144144144144145	0.8432432432432433	0.11068211068211069	0.023938223938223938
NefNPC	0.5768339768339769	0.03963963963963964	1.0	0.9065637065637066	0.4308880308880309	-0.27722007722007724	0.7014157014157014	0.9521235521235522
NefOPC	0.6151866151866152	0.0574002574002574	0.9065637065637066	1.0	0.4203346203346203	-0.16936936936936936	0.819047619047619	0.9508365508365508
VerCL	0.7155727155727156	0.6144144144144145	0.4308880308880309	0.4203346203346203	1.0	0.39562419562419565	0.33976833976833976	0.3250965250965251
VerMES	0.10656370656370656	0.8432432432432433	-0.27722007722007724	-0.16936936936936936	0.39562419562419565	1.0	0.011583011583011582	-0.22368082368082368
VerNL	0.541055341055341	0.11068211068211069	0.7014157014157014	0.819047619047619	0.33976833976833976	0.011583011583011582	1.0	0.7951093951093952
VerPN	0.496010296010296	0.023938223938223938	0.9521235521235522	0.9508365508365508	0.3250965250965251	-0.22368082368082368	0.7951093951093952	1.0
