""	BIOCARTA_CC	FAO	G2M	GLYC	KEGG_CC	NefAC	NefMES	NefNPC	NefOPC	OXPHOS	PD.L1	VerCL	VerMES	VerNL	VerPN	WP_CC
CTLA4																
CD274	0.355555555555556	0.297222222222222	0.175	0.102777777777778	0.102777777777778	0.241666666666667	0.102777777777778	0.658333333333333	0.355555555555556	0.0166666666666667	0.419444444444444	0.241666666666667	0.0583333333333333	0.658333333333333	0.0333333333333333	0.175
LAG3	0.355555555555556	0.297222222222222	0.136111111111111	0.102777777777778	0.102777777777778	0.241666666666667	0.241666666666667	0.563888888888889	0.419444444444444	0.0166666666666667	0.355555555555556	0.136111111111111	0.136111111111111	0.241666666666667	0.175	0.241666666666667
HAVCR2	0.51770020830544	0.774057503165657	0.863762970020258	0.774057503165657	0.954475734693563	0.600354590429112	0.686030866008896	0.122839463373396	0.00509754056486142	0.364143251942978	0.0205987347749205	0.0801412280583238	0.954475734693563	0.173260315298534	0.954475734693563	0.954475734693563
CD47	0.355555555555556	0.497222222222222	0.0333333333333333	0.0166666666666667	0.102777777777778	0.0166666666666667	0.102777777777778	0.563888888888889	0.919444444444444	0.241666666666667	1	0.297222222222222	0.136111111111111	0.658333333333333	0.0583333333333333	0.241666666666667
LGALS9	0.919444444444444	0.563888888888889	0.919444444444444	0.658333333333333	0.658333333333333	0.713888888888889	0.802777777777778	0.297222222222222	0.0333333333333333	0.497222222222222	0.00277777777777778	0.175	0.802777777777778	0.355555555555556	1	0.497222222222222
CD276	0.713888888888889	0.563888888888889	0.563888888888889	0.497222222222222	0.355555555555556	0.919444444444444	0.713888888888889	0.658333333333333	0.241666666666667	0.102777777777778	0.102777777777778	0.241666666666667	0.419444444444444	0.241666666666667	0.658333333333333	0.419444444444444
