""	BIOCARTA_CC	FAO	G2M	GLYC	KEGG_CC	NefAC	NefMES	NefNPC	NefOPC	OXPHOS	PD.L1	VerCL	VerMES	VerNL	VerPN	WP_CC
CTLA4																
CD274	0.485714285714286	0.542857142857143	-0.657142857142857	0.771428571428571	-0.771428571428571	0.6	0.771428571428571	0.257142857142857	-0.485714285714286	0.942857142857143	-0.428571428571429	0.6	0.828571428571429	0.257142857142857	0.885714285714286	-0.657142857142857
LAG3	-0.485714285714286	-0.542857142857143	0.714285714285714	-0.771428571428571	0.771428571428571	-0.6	-0.6	-0.314285714285714	0.428571428571429	-0.942857142857143	0.485714285714286	-0.714285714285714	-0.714285714285714	-0.6	-0.657142857142857	0.6
HAVCR2	0.333947207395404	-0.151794185179729	0.0910765111078375	0.151794185179729	-0.0303588370359458	-0.273229533323512	-0.212511859251621	0.698253251826754	-0.94112394811432	0.455382555539187	-0.880406274042429	0.758970925898646	-0.0303588370359458	0.637535577754862	0.0303588370359458	-0.0303588370359458
CD47	-0.485714285714286	-0.371428571428571	0.885714285714286	-0.942857142857143	0.771428571428571	-0.942857142857143	-0.771428571428571	-0.314285714285714	0.0857142857142857	-0.6	-0.0285714285714286	-0.542857142857143	-0.714285714285714	-0.257142857142857	-0.828571428571429	0.6
LGALS9	0.0857142857142857	0.314285714285714	0.0857142857142857	-0.257142857142857	0.257142857142857	0.2	0.142857142857143	-0.542857142857143	0.885714285714286	-0.371428571428571	1	-0.657142857142857	-0.142857142857143	-0.485714285714286	-0.0285714285714286	0.371428571428571
CD276	-0.2	-0.314285714285714	0.314285714285714	-0.371428571428571	0.485714285714286	-0.0857142857142857	-0.2	-0.257142857142857	0.6	-0.771428571428571	0.771428571428571	-0.6	-0.428571428571429	-0.6	-0.257142857142857	0.428571428571429
