	NefAC	NefMES	NefNPC	NefOPC	VerCL	VerMES	VerNL	VerPN
NefAC	1.0	0.4330434782608696	0.051304347826086956	-0.6878260869565217	0.9069565217391304	0.7486956521739131	-0.7547826086956522	-0.6095652173913043
NefMES	0.4330434782608696	1.0	-0.20695652173913043	-0.2565217391304348	0.18	0.78	-0.5791304347826087	-0.47391304347826085
NefNPC	0.051304347826086956	-0.20695652173913043	1.0	0.2382608695652174	0.10956521739130434	-0.348695652173913	0.28695652173913044	0.5504347826086956
NefOPC	-0.6878260869565217	-0.2565217391304348	0.2382608695652174	1.0	-0.7269565217391304	-0.6643478260869565	0.7921739130434783	0.8556521739130435
VerCL	0.9069565217391304	0.18	0.10956521739130434	-0.7269565217391304	1.0	0.62	-0.6791304347826087	-0.5660869565217391
VerMES	0.7486956521739131	0.78	-0.348695652173913	-0.6643478260869565	0.62	1.0	-0.7782608695652173	-0.7834782608695652
VerNL	-0.7547826086956522	-0.5791304347826087	0.28695652173913044	0.7921739130434783	-0.6791304347826087	-0.7782608695652173	1.0	0.8930434782608696
VerPN	-0.6095652173913043	-0.47391304347826085	0.5504347826086956	0.8556521739130435	-0.5660869565217391	-0.7834782608695652	0.8930434782608696	1.0
