	NefAC	NefMES	NefNPC	NefOPC	VerCL	VerMES	VerNL	VerPN
NefAC	1.0	0.386310604096448	0.06345605392792325	0.24863883847549909	0.7996499870365569	0.138903292714545	0.04407570650764843	-0.004083484573502722
NefMES	0.386310604096448	1.0	-0.4620171117448794	-0.18006222452683432	0.38021778584392013	0.8295307233601245	-0.1086336530982629	-0.4866476536168006
NefNPC	0.06345605392792325	-0.4620171117448794	1.0	0.6753953850142598	-0.08374384236453201	-0.649144412756028	0.21733212341197822	0.9406922478610319
NefOPC	0.24863883847549909	-0.18006222452683432	0.6753953850142598	1.0	-0.038501425978739956	-0.30373347161005965	0.3326419497018408	0.6817474721285973
VerCL	0.7996499870365569	0.38021778584392013	-0.08374384236453201	-0.038501425978739956	1.0	0.13313456053927925	-0.21493388644023853	-0.11543946072076744
VerMES	0.138903292714545	0.8295307233601245	-0.649144412756028	-0.30373347161005965	0.13313456053927925	1.0	0.04044594244231268	-0.6829789992221934
VerNL	0.04407570650764843	-0.1086336530982629	0.21733212341197822	0.3326419497018408	-0.21493388644023853	0.04044594244231268	1.0	0.24001814882032668
VerPN	-0.004083484573502722	-0.4866476536168006	0.9406922478610319	0.6817474721285973	-0.11543946072076744	-0.6829789992221934	0.24001814882032668	1.0
