""	NefMES	NefAC	NefOPC	NefNPC	VerPN	VerNL	VerCL	VerMES	OXPHOS	GLYC	FAO	G2M	KEGG_CC	WP_CC	BIOCARTA_CC	PD.L1
CD274	0.0320925100215065	-0.0646304553105632	0.0173253161793537	-0.016821891206284	-0.0530168454575088	-0.00844270679071181	-0.147270701571162	-0.00357048599882343	-0.0278218204983289	-0.030469083176358	0.0499414955841595	0.00616217172031645	0.0304135371424437	0.0285661607408527	0.176353298365559	0.477450021513125
LAG3	-0.0171480923927386	-0.0675873324366781	-0.0158862212935917	0.0247748364755588	0.112403601791586	-0.0438014522820956	0.115940937407205	-0.0781244194697909	-0.10736501339171	-0.0143401986872777	-0.0419676830176146	0.0603812246566296	0.0676482324908789	0.0708852483679917	-0.00889673076848191	0.0177305626105457
HAVCR2	0.0304284987840708	-0.105603646231697	-0.041316940386275	-0.037452143814078	0.0410200437630153	-0.0762792420078017	-0.0142360853067282	-0.0250909815686127	-0.0865273109468043	-0.037099195039734	0.0149105413951596	0.109118221900741	0.0230573764289098	0.0239377227379506	-0.0560431296529564	0.053197983923179
CD47	0.174223049286032	0.0559482056579498	-0.145928995907086	-0.270314385074321	-0.361474145384244	0.187937621006415	-0.155161262548556	0.23906448795183	0.315452970045477	0.262117742111851	0.263928439975675	-0.134223832302512	-0.0465089653132894	-0.0599904557874893	0.0656819995168179	0.00973957081796072
LGALS9	0.159479508039944	-0.125794029018354	-0.213364696813866	-0.159449505189175	-0.464341389798516	0.183973566907339	-0.250434319658052	0.149532361552405	0.480088693944172	0.249277798152108	0.250455612007191	-0.147102041652543	-0.0566033088523508	-0.0673314193096577	0.112369286593565	0.0164928823579135
CD276	0.106051246959405	0.0105733261897764	0.039255449377528	0.0961615016814926	-0.194736710013946	0.164033841530804	-0.226277551052339	0.0320659731265098	0.213050426309669	0.122342852572592	0.131593564385121	0.0247551552045274	0.0881629146297735	0.0792080949058019	0.170705978959533	-0.0114206818955268
