Name,NefAC,NefMES,NefNPC,NefOPC,VerCL,VerMES,VerNL,VerPN
mGBM2.NT3,0.8624413623383413,0.7374847116919819,0.5777460535868305,0.7571772010823409,0.2516312726263909,0.19197712910876502,0.24275820844865273,0.37770733479375956
mGBM2.NT5,0.8403914039449729,0.6350933634671208,0.6387915622902435,0.7261761006380152,0.2558662659558493,0.03737059473553242,0.2510548150214575,0.43816796800241103
mGBM2.NT6,0.9086841154661947,0.6273163936858143,0.7312212457051243,0.7898826276208999,0.2728388483445578,-0.0005379131542181855,0.35782157878684573,0.482603539493781
mGBM2.shSOX10.11,0.9517506191086663,0.6157357309473348,0.7674126431513596,0.8556244286388675,0.2577471031375468,0.020100397908034775,0.386487927865416,0.5137587060619991
mGBM2.shSOX10.14,0.9355030340117665,0.6020928228995289,0.7962724105316984,0.8089663820165068,0.25261441769683546,0.0415592331238249,0.3345874781518696,0.5284414136694472
mGBM2.shSOX10.15,0.9607234901979276,0.6016797672790419,0.7763831275093942,0.8619594862336247,0.24996936490277893,-0.018947322855838087,0.458518151919512,0.5211913101764655
mGBM2.shSOX10.17,0.9575751027024773,0.6036164484153571,0.7699559639480503,0.8489615433367614,0.24683163917017728,0.016033990979204136,0.4332635479099272,0.530787006409604
mGBM2.shSOX10.18,0.9810526771441619,0.6270885585127006,0.7666063544942937,0.841634907250182,0.23957894738225757,0.09912717315238605,0.4436916899171765,0.5075046130998007
