Name,NefAC,NefMES,NefNPC,NefOPC,VerCL,VerMES,VerNL,VerPN
Mock1,2.085468430357127,2.564721405725854,1.7906578910468942,1.7541949415286364,2.1191606841274706,1.950266157664732,1.7434393163417996,1.6330330209839363
Mock2,2.0578164893336224,2.526094066616281,1.7284721698515646,1.7395685773705032,2.1301620875476,1.9362615701245545,1.7278913786472825,1.678080845901608
Mock3,2.0508789948353034,2.5401772546704042,1.7617848669589014,1.7374479431235075,2.116640715785275,1.9483939782777717,1.7167304660346787,1.6328113296732731
SES1,2.069830500263865,2.5845074272923565,1.7462626109384172,1.6591150355741693,2.1298770425508593,2.0302776649577394,1.7394231991471247,1.599146847345
SES2,2.073942713536881,2.593772139672197,1.718982279504767,1.6336313195958538,2.102264083619874,2.061647312840301,1.7651783001895154,1.593772139672197
SES3,2.082358781944289,2.590856461240485,1.7534089895498124,1.6005888260326142,2.1090844290058217,2.0426957869810316,1.7738248263822622,1.625972626923718
