	NefAC	NefMES	NefNPC	NefOPC	VerCL	VerMES	VerNL	VerPN
NefAC	0.0	0.8225054302036114	0.8665262706759088	0.04652823228416724	0.01017554012345675	0.6514014957024814	0.6514014957024814	0.8665262706759088
NefMES	0.8225054302036114	0.0	0.6514014957024814	0.8665262706759088	0.8665262706759088	0.00026040002438725105	0.18272075053971484	0.6514014957024814
NefNPC	0.8665262706759088	0.6514014957024814	0.0	0.18272075053971484	0.7788857260523797	0.4197530864197531	0.03655276105286081	0.0
NefOPC	0.04652823228416724	0.8665262706759088	0.18272075053971484	0.0	0.260404767436885	0.9108491685195836	0.20703124999999997	0.18272075053971484
VerCL	0.01017554012345675	0.8665262706759088	0.7788857260523797	0.260404767436885	0.0	0.8225054302036114	0.6514014957024814	0.7788857260523797
VerMES	0.6514014957024814	0.00026040002438725105	0.4197530864197531	0.9108491685195836	0.8225054302036114	0.0	0.18272075053971484	0.4197530864197531
VerNL	0.6514014957024814	0.18272075053971484	0.03655276105286081	0.20703124999999997	0.6514014957024814	0.18272075053971484	0.0	0.03655276105286081
VerPN	0.8665262706759088	0.6514014957024814	0.0	0.18272075053971484	0.7788857260523797	0.4197530864197531	0.03655276105286081	0.0
