""	BIOCARTA_CC	FAO	G2M	GLYC	KEGG_CC	NefAC	NefMES	NefNPC	NefOPC	OXPHOS	PD.L1	VerCL	VerMES	VerNL	VerPN	WP_CC
CTLA4	0.392792202424786	0.130930734141595	0.654653670707977	0.392792202424786	0.392792202424786	0.130930734141595	0.392792202424786	-0.130930734141595	-0.654653670707977	0.130930734141595	0.654653670707977	-0.130930734141595	0.130930734141595	-0.392792202424786	0.130930734141595	0.392792202424786
CD274	0.0857142857142857	0.371428571428571	0.314285714285714	0.2	0.0857142857142857	0.485714285714286	-0.485714285714286	-0.314285714285714	0.371428571428571	-0.314285714285714	0.0285714285714286	-0.314285714285714	0.2	0.257142857142857	0.257142857142857	0.0857142857142857
LAG3	-0.2	-0.0857142857142857	-0.257142857142857	-0.2	-0.2	0.257142857142857	-0.542857142857143	-0.257142857142857	0.771428571428571	-0.257142857142857	-0.6	-0.257142857142857	0.0857142857142857	0.371428571428571	0.0285714285714286	-0.2
HAVCR2	0.314285714285714	0.142857142857143	0.0285714285714286	-0.0857142857142857	0.314285714285714	-0.314285714285714	0.428571428571429	0.428571428571429	0.2	-0.428571428571429	0.257142857142857	0.428571428571429	0.371428571428571	0.142857142857143	-0.142857142857143	0.314285714285714
CD47	0.657142857142857	-0.6	0.371428571428571	0.2	0.657142857142857	0.0857142857142857	0.885714285714286	0.0857142857142857	0.0857142857142857	-0.257142857142857	0.0857142857142857	0.0857142857142857	0.6	-0.142857142857143	0.0285714285714286	0.657142857142857
LGALS9	0.542857142857143	-0.142857142857143	0.142857142857143	0.257142857142857	0.542857142857143	-0.0285714285714286	0.771428571428571	0.6	0.142857142857143	-0.428571428571429	0.257142857142857	0.6	0.485714285714286	0.2	0.142857142857143	0.542857142857143
CD276	0.0285714285714286	0.771428571428571	0.542857142857143	-0.257142857142857	0.0285714285714286	-0.257142857142857	-0.428571428571429	-0.6	-0.257142857142857	-0.0857142857142857	0.6	-0.6	0.0857142857142857	-0.371428571428571	-0.371428571428571	0.0285714285714286
