Name,BIOCARTA_CC,FAO,G2M,GLYC,KEGG_CC,NefAC,NefMES,NefNPC,NefOPC,OXPHOS,VerCL,VerMES,VerNL,VerPN,WP_CC
K59_78_1,1.8331481944238934,1.6161416151373185,2.0649251371767163,1.7343922138306758,1.920079488197094,1.2589715731038351,2.0642170644890654,1.417940557494845,1.1445735403252841,2.1380086193372168,1.663642037099223,1.5588763566411503,1.2341359504363072,1.1974415529472417,1.9173944437332135
K59_78_2,1.820662543345852,1.6156877119849233,2.0554644787729783,1.7453324579648546,1.905790414334056,1.306556987426964,2.0894873681646007,1.3859875285340049,1.1889777968507615,2.136272357277288,1.6374436417463862,1.5632734866641689,1.1981988185184271,1.2028713685589203,1.9026432800505875
K59_78_3,1.829066914968282,1.62134772729978,2.06076923977064,1.7293736555096797,1.9156139077555296,1.2858304844371249,2.088719422734667,1.375461262614549,1.2125158877692472,2.1363515758069553,1.6361335727712865,1.5602388230551563,1.2276654835536671,1.1877572910017882,1.9126537119393994
K90_114_1,1.8311927369304446,1.6163460442077902,2.0245965096061003,1.76455396695629,1.902860210802087,1.3354000282223955,2.112752165811171,1.4162443792052843,1.1639830082815954,2.144250949924627,1.6654469237338398,1.584318626431798,1.2373687443800185,1.2183993671226143,1.900430969679323
K90_114_2,1.8362010212597752,1.6217164071448733,2.0292161678019234,1.7600938230002237,1.9056984252366203,1.3641963406419364,2.112905088126942,1.4095593493656664,1.193890125427564,2.142609496230315,1.6598254541320565,1.5823984072808672,1.2309212459456238,1.2215453462622383,1.903344626495178
K90_114_3,1.831560242039984,1.6329161305378026,2.0326439988755802,1.7537052698105868,1.9048183645432548,1.3117283990987312,2.1176408608930037,1.3812352787177604,1.175713137889831,2.1445735403252844,1.6593624722475049,1.5847086933608763,1.2258394729562683,1.2264802239171304,1.9021653477608516
