Cellname,NefMES,NefAC,NefOPC,NefNPC,VerPN,VerNL,VerCL,VerMES
ACTTATCGTAATTGGA-1,0.384418497262352,0.175676748432166,0.0988905698436712,0.0716754265965872,0.0422058552353267,0.0975098974376498,0.0411804335795578,0.133380763929032
AGTCATGCACTGATTG-1,0.267042680915628,0.0906247519250615,0.0727181038830055,0.044452444380445,0.0320638674057121,0.0848079823871985,0.0445409558640713,0.159420160967584
ATGATCGTCTGTTCAT-1,0.354370341051521,0.246661903627848,0.142057488653555,0.187018503851969,0.0871704757875859,0.0893527490712762,0.0718822934963066,0.121025093749537
CCACCATGTTTCGTGA-1,0.410403060887921,0.213288878304358,0.13296772566818,0.108078335373317,0.053710955154697,0.0940586084519968,0.0580030958510783,0.168855885099382
GTAGGTTGTAGCACAG-1,0.360993469226202,0.197793125347305,0.0909480584972264,0.0870761033911729,0.0438763002896161,0.100712224983036,0.0553924753174049,0.14070582655224
TCATTGTGTAAGGAGA-1,0.37823075400752,0.164293085655315,0.0857665153807363,0.0673338613291094,0.0357410159343103,0.119696755202562,0.0421067828011838,0.138289830583841
TCTACATTCTTACGTT-1,0.35273434923148,0.308343256330872,0.170688350983359,0.120995032039744,0.0586463609969158,0.0955767850779347,0.0688626356439932,0.134486489691256
TGCTTCGCATCGCTCT-1,0.352661785078171,0.188600460427086,0.08119011598588,0.0812513499892001,0.0430555404902142,0.110255746859913,0.0478734069600507,0.141601079046052
