Cellname,MES2,MES1,MES,AC,OPC,NPC1,NPC2,NPC
AACAAAGGTGGTCTTA-1,0.294003557839601,0.444136976824628,0.350768520350947,0.171786933396841,0.049155320221886,0.0479072112960161,0.0221647295053481,0.0314781481748146
GGAAGTGGTCGTTATG-1,0.339193062212779,0.442802786974354,0.372273896695033,0.184488370246884,0.0585476550680787,0.0511598587997983,0.0183676358909011,0.0319821441428469
GGGTGAAGTAAGTCAA-1,0.351336660572219,0.458059494984434,0.385137542054225,0.176343573866794,0.065292486132123,0.046381744831064,0.0226795896564596,0.031218950248398
