""	NefMES	NefAC	NefOPC	NefNPC	VerPN	VerNL	VerCL	VerMES	OXPHOS	GLYC	FAO	G2M	KEGG_CC	WP_CC	BIOCARTA_CC	PD.L1
CD274	1.86262322576058e-67	8.81191523418748e-16	6.02218466730719e-18	2.98478296949446e-35	1.04195964578486e-59	0.0480477747605955	0.483615591065445	2.24195977526993e-50	1.81786042639852e-09	5.25455701454305e-09	1.97990568129731e-13	0.00321237004557932	2.62229731740259e-08	7.50839859173494e-07	1.14441055800983e-09	2.58071993249831e-190
LAG3	0.954287202806463	0.00835571960723142	0.00272184879798364	0.364293532272942	0.462965052125517	0.402285400901829	0.0439721434512585	0.970840046807661	0.113655934572744	0.18968883658179	0.963545710406297	0.484419761861655	0.65918609194544	0.783157450099942	0.106300391417056	0.185465344475839
HAVCR2	0.133750329235595	0.562640268560975	0.18552363872568	0.562149171547671	0.375946228154094	0.0268097480332905	0.600245116189911	0.109395474550437	0.315110824539511	0.400727877614502	0.16159628670394	0.149527771075618	0.00716846615160931	0.00625169352201965	0.0825128270211811	0.835848543466504
CD47	2.24974301217684e-52	3.57610633412035e-19	2.52157376517798e-67	4.79258869980195e-24	1.47528069835914e-58	8.53926430801814e-23	5.10363532176115e-20	1.31946769060529e-43	1.39394670844979e-07	4.16928522261319e-24	6.13074787899055e-35	0.00300018312728318	7.07624804324587e-17	9.85407590514446e-20	0.000505599877037472	9.98897424066035e-79
LGALS9	4.50142640967162e-19	0.0494393965310153	0.00203335563324191	1.05662314946198e-08	7.77150582009055e-15	0.000860183765855646	0.318190333769725	5.09675969309136e-15	0.764735265191416	1.56317542599936e-06	5.55197109872073e-09	0.0463965615258251	0.0158918055221319	0.0385288978050408	0.000762837882814518	8.4425143505221e-47
CD276	6.19500413987665e-05	0.000614337538631862	0.341273585165401	0.00336271947324003	0.00195122412561215	0.0560233468345015	0.000426077827077401	4.00916604559307e-06	0.552452578395843	0.00798443982473983	0.401853406436004	0.474605976593945	0.558148569232792	0.661178670973267	0.928901209869687	0.641938614638832
