Name,NefAC,NefMES,NefNPC,NefOPC,VerCL,VerMES,VerNL,VerPN
shCCR7_1_1,1.0379014545391494,1.8617502379755038,1.141538854520635,0.8763267621809324,1.490507234437331,1.2614251754415804,0.9894332201416471,1.0235234720758026
shCCR7_1_2,1.0321244111118155,1.841064535448118,1.1039223342427298,0.9059410473005791,1.480201459756432,1.2742026449695127,1.00723460090989,0.9911391276998428
shCCR7_2_1,0.9913795235354779,1.8504566020232442,1.2016962233988675,0.8925777785260728,1.5037182549172392,1.251537135382815,1.0129093765247925,0.9960248808262214
shCCR7_2_2,0.9905222349538113,1.8547390713857388,1.1239212204202669,0.8785594820309138,1.4854533292279566,1.2288728925714094,0.9674375100364128,0.9754211190467239
shCONT.1,1.3185067131325983,1.8763267621809325,1.2630752049119356,1.058733068640604,1.5192029155943898,1.2807576906357845,1.0449244436056908,1.0963066725735389
shCONT.2,1.0763176516820625,1.8348600988147363,1.1793704363252038,0.9004768691621557,1.4983008375513431,1.214833604073989,1.0235884230849708,1.0375732339065074
