	NefMES	NefAC	NefOPC	NefNPC	VerPN	VerNL	VerCL	VerMES
NefMES	0.0	4.847263372506192e-26	6.794886556125108e-10	3.6667692606713847e-13	3.591418856168112e-58	3.079875758908964e-15	0.00202040913956952	1.5120905164970882e-79
NefAC	4.847263372506192e-26	0.0	4.549890322040824e-05	0.05037557426787891	0.004283030479887279	0.07731620328523803	1.0295006247730954e-45	2.138333605806789e-34
NefOPC	6.794886556125108e-10	4.549890322040824e-05	0.0	8.891707198830752e-83	2.8524266962231325e-81	0.0017732793009709112	0.0017060754071835547	2.636078455552822e-11
NefNPC	3.6667692606713847e-13	0.05037557426787891	8.891707198830752e-83	0.0	1.7207182837258412e-105	1.3975259242957419e-05	0.5198142968052553	1.431227758172421e-19
VerPN	3.591418856168112e-58	0.004283030479887279	2.8524266962231325e-81	1.7207182837258412e-105	0.0	0.35725022111319327	0.47298078548998757	1.496448667701329e-54
VerNL	3.079875758908964e-15	0.07731620328523803	0.0017732793009709112	1.3975259242957419e-05	0.35725022111319327	0.0	8.453520492439721e-22	1.3327435045080545e-05
VerCL	0.00202040913956952	1.0295006247730954e-45	0.0017060754071835547	0.5198142968052553	0.47298078548998757	8.453520492439721e-22	0.0	1.7929113714393635e-05
VerMES	1.5120905164970882e-79	2.138333605806789e-34	2.636078455552822e-11	1.431227758172421e-19	1.496448667701329e-54	1.3327435045080545e-05	1.7929113714393635e-05	0.0
