	NefMES	NefAC	NefOPC	NefNPC	VerPN	VerNL	VerCL	VerMES
NefMES	1.0	0.43155882940938206	-0.2608180346290945	-0.30510713601659023	-0.6165721387936802	0.3297380056571181	-0.13220778391892152	0.6950197076437784
NefAC	0.43155882940938206	1.0	0.17405118174625075	0.084017748714497	-0.12240612868889843	0.07587224270220426	0.5577401363018296	0.49168188629513715
NefOPC	-0.2608180346290945	0.17405118174625075	1.0	0.7050165535971056	0.7004073671238069	0.13384491765183107	0.1343262900390286	-0.2809153009119323
NefNPC	-0.30510713601659023	0.084017748714497	0.7050165535971056	1.0	0.7650772028738353	0.18524062627770746	-0.027679373296789017	-0.3749717073321523
VerPN	-0.6165721387936802	-0.12240612868889843	0.7004073671238069	0.7650772028738353	1.0	0.039583206965587064	0.030860557385732755	-0.6006878995066756
VerNL	0.3297380056571181	0.07587224270220426	0.13384491765183107	0.18524062627770746	0.039583206965587064	1.0	-0.39571450398079483	0.18567674865482325
VerCL	-0.13220778391892152	0.5577401363018296	0.1343262900390286	-0.027679373296789017	0.030860557385732755	-0.39571450398079483	1.0	0.18293466276119535
VerMES	0.6950197076437784	0.49168188629513715	-0.2809153009119323	-0.3749717073321523	-0.6006878995066756	0.18567674865482325	0.18293466276119535	1.0
