	NefAC	NefMES	NefNPC	NefOPC	VerCL	VerMES	VerNL	VerPN
NefAC	0.0	0.3212171678957286	5.862022959240328e-16	6.2925756808917905e-31	1.4058611035618799e-15	0.0003417308570607212	0.044890972992841685	3.266210318513701e-10
NefMES	0.3212171678957286	0.0	0.001445998276185884	0.22446763760087446	0.3507280805756021	6.5100829561711065e-18	2.994000630806965e-05	7.029193855018148e-06
NefNPC	5.862022959240328e-16	0.001445998276185884	0.0	2.466629071130758e-19	4.488180643822269e-09	6.122217461713988e-09	0.97359530055332	4.316583195899348e-27
NefOPC	6.2925756808917905e-31	0.22446763760087446	2.466629071130758e-19	0.0	4.3137158459625255e-13	0.00021639685254836203	0.16071864313032114	7.229916442408967e-13
VerCL	1.4058611035618799e-15	0.3507280805756021	4.488180643822269e-09	4.3137158459625255e-13	0.0	0.10477036853736377	0.0007417998512702374	2.097835274146501e-05
VerMES	0.0003417308570607212	6.5100829561711065e-18	6.122217461713988e-09	0.00021639685254836203	0.10477036853736377	0.0	0.044829061875224466	8.442197152474071e-13
VerNL	0.044890972992841685	2.994000630806965e-05	0.97359530055332	0.16071864313032114	0.0007417998512702374	0.044829061875224466	0.0	0.16754124912774535
VerPN	3.266210318513701e-10	7.029193855018148e-06	4.316583195899348e-27	7.229916442408967e-13	2.097835274146501e-05	8.442197152474071e-13	0.16754124912774535	0.0
