	NefAC	NefMES	NefNPC	NefOPC	VerCL	VerMES	VerNL	VerPN
NefAC	0.0	0.05289980147993693	0.046021789041051885	0.0356455215865723	6.907887601184056e-05	0.053945183846772715	0.00030955639400765067	0.05829023496021259
NefMES	0.05289980147993693	0.0	6.178943941456952e-14	4.667854674944727e-16	0.4996984985843257	8.130591788996492e-15	0.8910517875486615	3.6300245988643275e-14
NefNPC	0.046021789041051885	6.178943941456952e-14	0.0	8.215639504400373e-19	0.4067627219561998	2.8647714422007844e-12	0.8730287007942092	7.909431177325301e-18
NefOPC	0.0356455215865723	4.667854674944727e-16	8.215639504400373e-19	0.0	0.5845135970990107	1.312936962471753e-14	0.7606718835048377	1.47599072800369e-14
VerCL	6.907887601184056e-05	0.4996984985843257	0.4067627219561998	0.5845135970990107	0.0	0.6219172487523053	1.2217033371672626e-10	0.2757226000098244
VerMES	0.053945183846772715	8.130591788996492e-15	2.8647714422007844e-12	1.312936962471753e-14	0.6219172487523053	0.0	0.8510854765594947	1.2216740986992861e-11
VerNL	0.00030955639400765067	0.8910517875486615	0.8730287007942092	0.7606718835048377	1.2217033371672626e-10	0.8510854765594947	0.0	0.9635887302144255
VerPN	0.05829023496021259	3.6300245988643275e-14	7.909431177325301e-18	1.47599072800369e-14	0.2757226000098244	1.2216740986992861e-11	0.9635887302144255	0.0
