	NefAC	NefMES	NefNPC	NefOPC	VerCL	VerMES	VerNL	VerPN
NefAC	1.0	0.6176470588235294	0.08235294117647059	0.12352941176470589	-0.5705882352941176	0.3264705882352941	-0.11176470588235295	-0.07058823529411765
NefMES	0.6176470588235294	1.0	0.6411764705882353	0.6235294117647059	-0.06764705882352941	-0.1323529411764706	0.4176470588235294	0.55
NefNPC	0.08235294117647059	0.6411764705882353	1.0	0.8	0.5970588235294118	-0.37058823529411766	0.75	0.9117647058823529
NefOPC	0.12352941176470589	0.6235294117647059	0.8	1.0	0.4	-0.3588235294117647	0.6088235294117647	0.8470588235294118
VerCL	-0.5705882352941176	-0.06764705882352941	0.5970588235294118	0.4	1.0	-0.3176470588235294	0.5117647058823529	0.6558823529411765
VerMES	0.3264705882352941	-0.1323529411764706	-0.37058823529411766	-0.3588235294117647	-0.3176470588235294	1.0	-0.7147058823529412	-0.4147058823529412
VerNL	-0.11176470588235295	0.4176470588235294	0.75	0.6088235294117647	0.5117647058823529	-0.7147058823529412	1.0	0.7176470588235294
VerPN	-0.07058823529411765	0.55	0.9117647058823529	0.8470588235294118	0.6558823529411765	-0.4147058823529412	0.7176470588235294	1.0
