""	NefMES	NefAC	NefOPC	NefNPC	VerPN	VerNL	VerCL	VerMES	OXPHOS	GLYC	FAO	G2M	KEGG_CC	WP_CC	BIOCARTA_CC	PD.L1
CD274	0.35634845198158	0.125190531325232	0.19680741293662	0.263614885271591	0.0761195793879798	0.93666372512566	0.258831229901985	0.157354815114156	0.280499138660379	0.105224424357309	0.96340409634749	0.0868286452564395	0.453379288132854	0.389343610501523	0.774277899063229	0.724217999825854
LAG3	0.333580162644449	0.922384079484549	0.896671364213391	0.0325409302046032	0.333433537073719	0.382500362421397	0.40009164151563	0.661279804999317	0.748549241063836	0.790316259806166	0.918620738719332	0.0966919447757675	0.708689587517112	0.627688237166864	0.646056414553662	0.97149254003911
HAVCR2	0.862794303574972	0.537114445651784	0.62355066890931	0.19986480804218	0.210459329124223	0.611315022437456	0.154058576788983	0.937312591146972	0.868649103529157	0.582095235061626	0.566222040079574	0.316905041223353	0.75657711380489	0.676166244663027	0.997990809563501	0.209390420306349
CD47	0.723545603570249	0.247842775793142	0.704418989883782	0.135869913322216	0.0503760531882283	0.225681512097178	0.616284710351728	0.712424878429934	0.0601987212440766	0.930672585843562	0.733351517890558	0.854486519233919	0.581728346148466	0.487180254778393	0.427273302702968	0.179029243738686
LGALS9	0.374528433623306	0.102396637152807	0.105668681510785	0.357454328839983	0.0285835789581055	0.976285255627953	0.362594567760375	0.245064874294389	0.383713945394338	0.0712736633053193	0.623369942138932	0.097974542442687	0.806883910144601	0.794464954586472	0.384596735102105	0.616790947554731
CD276	0.180350840654853	0.0150723335629394	0.00994185025068019	0.878156015058112	0.0236703765311275	0.859295481862631	0.0355237233484244	0.716876508119202	0.333928490213581	0.560726968355534	0.839663812834147	0.752860036486372	0.0916653799239796	0.0748784153496024	0.671545017040512	0.835227044165129
