Name,NefAC,NefMES,NefNPC,NefOPC,VerCL,VerMES,VerNL,VerPN
Cmp2105_1,1.6082918714539205,2.2241981728318363,1.4371712248407695,1.2899572337234402,1.7723615814118259,1.4174043891858448,1.3400122438171258,1.3238798133340672
Cmp2105_2,1.5059065206641944,2.228567103348767,1.3857999197721078,1.2551548743577277,1.7554759898899974,1.4438598566394638,1.3198964758921137,1.3175110324252055
Cmp2105_3,1.5082988496994936,2.2413687886829714,1.3491964370563938,1.274705404986121,1.7851202797151844,1.4814572553088872,1.3514783978537064,1.3268039940854834
DMSO_1,1.5018265628775582,2.2319043992820196,1.3771175525152048,1.280666560300275,1.7782898838535202,1.4311467333379524,1.346944685233083,1.3718238865591548
DMSO_2,1.6189583432497627,2.2279369248457903,1.3251667668735374,1.3379894360127969,1.7451497339705153,1.4765384861946116,1.3765529688531577,1.3653755961109904
DMSO_3,1.6323660097205037,2.2107161294938598,1.4357525653534076,1.2709709627726533,1.7477204677940523,1.4618147941413466,1.3635604061170041,1.3495196914240923
Navarixin_1,1.5393428533436566,2.199570229289042,1.397354580104989,1.3665917585130292,1.7621919500242855,1.4226949983284676,1.31969447570452,1.3138981916667578
Navarixin_2,1.5868277732422342,2.2026316766774383,1.3811678791928883,1.2990869032540169,1.7644698328635202,1.448364386770966,1.3265811263738836,1.3398798799272011
Navarixin_3,1.4994601200129585,2.2517931190087492,1.425981582319712,1.2517931190087492,1.8048830991459617,1.3878718083298298,1.3532606938580813,1.332614537869991
