""	NefMES	NefAC	NefOPC	NefNPC	VerPN	VerNL	VerCL	VerMES	OXPHOS	GLYC	FAO	G2M	KEGG_CC	WP_CC	BIOCARTA_CC	PD.L1
CD274	0.170848626275781	0.0670090221190428	0.0530751354988358	0.247766053773577	0.137989777404278	0.394808073377546	0.0548001714144149	0.134030554306862	0.0602511621127418	0.0339482169802094	0.0623549119808977	0.50638062785978	0.175665861751678	0.186776372034972	0.222865448539669	0.942255338633752
LAG3	0.864093375988642	0.852243858059726	0.874224769534187	0.462442200743819	0.39592742185761	0.811237582279509	0.911391395732158	0.961786167912785	0.812893071890461	0.531833099316613	0.670975991140967	0.129869040733275	0.211411433188048	0.183633736979564	0.403223744649513	0.669019433894723
HAVCR2	0.118569828359436	0.100555756707834	0.00193919159631109	0.00141054887899971	0.00132640141168036	0.169828095051052	0.000198658821558097	0.00140702122390542	0.000109539679859467	0.0261710827830847	2.94431759164279e-05	0.00754769182634528	0.00312164561066991	0.00246378356732349	0.0124688283552811	0.094939661773384
CD47	3.17477348324703e-29	3.01768798061676e-18	4.84627695810777e-23	1.71227407828645e-25	5.65100392237732e-26	0.00371670110169671	3.64863294860327e-28	1.57377897816449e-25	1.22291095449955e-11	6.52065951481298e-30	1.648783393205e-21	0.0226192577925057	0.444104777960385	0.685361611065962	0.00863211121294917	0.846266539071156
LGALS9	0.267370352418406	0.940489449826972	0.727076203101077	0.533122947410282	0.827796601421357	0.391633851319945	0.404443628446809	0.260717981899319	0.865658105347194	0.318469425603212	0.013163244867324	0.455389222089584	0.81417952495657	0.754965263179975	0.801532374649885	0.240055153860738
CD276	1.49389733258759e-88	1.59564188121274e-30	1.06331696891308e-109	2.67554532547714e-115	8.2275865889589e-134	0.812731267147184	2.06121595116601e-73	1.02993084757951e-120	1.09216687157155e-81	5.09453075704883e-55	7.04504275545546e-42	2.59165580277637e-25	2.30393493239751e-53	7.57493373977431e-57	6.76833656511755e-97	6.00465929933101e-17
