""	NefMES	NefAC	NefOPC	NefNPC	VerPN	VerNL	VerCL	VerMES	OXPHOS	GLYC	FAO	G2M	KEGG_CC	WP_CC	BIOCARTA_CC	PD.L1
CD274	0.0733101476422552	-0.0807166007709812	-0.114887390523387	-0.108768348757996	-0.131142445766365	0.0221192609593945	-0.0840224005553516	0.0410824056802476	-0.0554718765758618	-0.0235260876626121	-0.00264606545930197	-0.0338375203271952	-0.0865219227216239	-0.0873218790578176	-0.070637555150401	0.13957395894229
LAG3	0.0424719492759281	0.0692971956092491	0.0156102342851651	0.0278365742244307	0.0654288174032974	0.00954266407976844	-0.00643698031884685	0.0552455012620846	0.0479306711683298	0.044945663505578	-0.032765680609041	0.0143442269604243	0.0337406334367571	0.0340539104537083	0.0306555952192682	-0.0582439147471408
HAVCR2	0.0255439069330032	-0.0428495263800557	-0.0526454594425166	-0.0437428306387738	-0.0701566872616163	0.00809084496978437	-0.0167607256806074	-0.00434745964057619	-0.0433151314652186	-0.0463657807834773	0.00431510544362291	-0.017239070476718	-0.0243512102857302	-0.0250450147004408	0.0151482337790904	0.0684850093376842
CD47	0.133384960163917	0.0932363882965794	0.000373303723240785	-0.0589872934683155	0.0124761846686184	-0.0219020346529745	-0.0473772365147335	0.130676089634976	0.067423842517808	0.0807851346023339	-0.0223178384831334	0.0756137719899978	0.0627147683684612	0.0609555040445775	-0.0137714278527649	-0.0722808433794037
LGALS9	0.0294993588858532	0.0353349251112449	-0.0171142049076549	-0.0374927065423061	-0.0358018572125085	0.0654419099060441	0.00271252055769018	0.0525546607361879	0.0924915082229159	0.0255090323062914	0.0444579404106643	-0.02537197869309	-0.0123793434571091	-0.0128598089303597	0.00368136955237522	0.0187470854952158
CD276	0.133904785424028	0.24495872144431	0.18162631212149	0.0770085405514851	0.121295828378124	-0.045280855402445	0.183935848025367	0.181049946400104	0.155397408066966	0.144024168780984	-0.0525923635708546	0.00101989388717028	0.0687759712431034	0.0699700595460392	-0.0141739138534136	-0.216688171006658
