	NefAC	NefMES	NefNPC	NefOPC	VerCL	VerMES	VerNL	VerPN
NefAC	0.0	0.19083587400450033	0.005801150474478243	0.48445166145539886	0.14458630130334754	0.006543490146837885	0.06251148327961512	0.13094806950717278
NefMES	0.19083587400450033	0.0	0.712884219214772	0.2080634636953532	0.2652387868927897	0.7954145018538977	0.762121655996299	0.14458630130334754
NefNPC	0.005801150474478243	0.712884219214772	0.0	0.4432619364501832	8.36658642909172e-05	0.0013633152527271922	0.0006428259886278202	0.000521133700481005
NefOPC	0.48445166145539886	0.2080634636953532	0.4432619364501832	0.0	0.1591057694121953	0.8290236405313092	0.4568008526399232	0.37856866966230307
VerCL	0.14458630130334754	0.2652387868927897	8.36658642909172e-05	0.1591057694121953	0.0	0.0019003677255282703	0.0013633152527271922	0.00041811794041499725
VerMES	0.006543490146837885	0.7954145018538977	0.0013633152527271922	0.8290236405313092	0.0019003677255282703	0.0	0.0025862148333625915	0.05126558978649144
VerNL	0.06251148327961512	0.762121655996299	0.0006428259886278202	0.4568008526399232	0.0013633152527271922	0.0025862148333625915	0.0	0.044609296463363105
VerPN	0.13094806950717278	0.14458630130334754	0.000521133700481005	0.37856866966230307	0.00041811794041499725	0.05126558978649144	0.044609296463363105	0.0
