	NefAC	NefMES	NefNPC	NefOPC	VerCL	VerMES	VerNL	VerPN
NefAC	1.0	0.40559440559440557	0.7412587412587412	-0.22377622377622378	0.44755244755244755	0.7342657342657343	-0.5524475524475524	0.46153846153846156
NefMES	0.40559440559440557	1.0	-0.11888111888111888	-0.3916083916083916	-0.34965034965034963	0.08391608391608392	0.0979020979020979	-0.44755244755244755
NefNPC	0.7412587412587412	-0.11888111888111888	1.0	0.24475524475524477	0.8951048951048951	0.8111888111888111	-0.8391608391608392	0.8461538461538461
NefOPC	-0.22377622377622378	-0.3916083916083916	0.24475524475524477	1.0	0.43356643356643354	0.06993006993006994	-0.23776223776223776	0.27972027972027974
VerCL	0.44755244755244755	-0.34965034965034963	0.8951048951048951	0.43356643356643354	1.0	0.7972027972027972	-0.8111888111888111	0.8531468531468531
VerMES	0.7342657342657343	0.08391608391608392	0.8111888111888111	0.06993006993006994	0.7972027972027972	1.0	-0.7832167832167832	0.5734265734265734
VerNL	-0.5524475524475524	0.0979020979020979	-0.8391608391608392	-0.23776223776223776	-0.8111888111888111	-0.7832167832167832	1.0	-0.5874125874125874
VerPN	0.46153846153846156	-0.44755244755244755	0.8461538461538461	0.27972027972027974	0.8531468531468531	0.5734265734265734	-0.5874125874125874	1.0
