	NefAC	NefMES	NefNPC	NefOPC	VerCL	VerMES	VerNL	VerPN
NefAC	0.0	5.3589138082863076e-11	0.14797690263723604	0.028375363721009874	6.284077075603331e-09	7.843367243381716e-07	3.0671948569393343e-09	0.0699486774505008
NefMES	5.3589138082863076e-11	0.0	0.7568411805237775	0.4528296995552188	7.347747560363078e-19	1.2800681869910055e-70	0.00013658847063960513	0.09332477841536718
NefNPC	0.14797690263723604	0.7568411805237775	0.0	5.724139530017326e-27	0.0015293324840251405	0.6518225269507574	2.5608231067901617e-18	2.3717902375459427e-48
NefOPC	0.028375363721009874	0.4528296995552188	5.724139530017326e-27	0.0	0.005990009818663693	0.9865265913562062	8.137968297304466e-11	2.919535517507334e-34
VerCL	6.284077075603331e-09	7.347747560363078e-19	0.0015293324840251405	0.005990009818663693	0.0	1.3502871609923523e-24	1.0514337776225232e-11	0.0009838343496642427
VerMES	7.843367243381716e-07	1.2800681869910055e-70	0.6518225269507574	0.9865265913562062	1.3502871609923523e-24	0.0	0.0007601455743047963	0.7550480339102288
VerNL	3.0671948569393343e-09	0.00013658847063960513	2.5608231067901617e-18	8.137968297304466e-11	1.0514337776225232e-11	0.0007601455743047963	0.0	2.5725166062746113e-08
VerPN	0.0699486774505008	0.09332477841536718	2.3717902375459427e-48	2.919535517507334e-34	0.0009838343496642427	0.7550480339102288	2.5725166062746113e-08	0.0
