	NefAC	NefMES	NefNPC	NefOPC	VerCL	VerMES	VerNL	VerPN
NefAC	0.0	0.869475236028857	0.00126923813044862	1.3173028216512325e-05	0.552333463627276	0.586423057886333	0.8767506981148385	0.01839481112014108
NefMES	0.869475236028857	0.0	0.000638588005656535	0.0036105074369385563	0.8160006648697484	9.109550530134704e-11	0.0863661329939343	6.154214716460321e-07
NefNPC	0.00126923813044862	0.000638588005656535	0.0	1.4511983978804148e-09	0.0024095503955273386	0.007133713604321475	0.003966981013281172	1.9182610230910563e-13
NefOPC	1.3173028216512325e-05	0.0036105074369385563	1.4511983978804148e-09	0.0	0.0827843979075817	0.023264985550442617	0.13554491945481942	1.5152824643710542e-07
VerCL	0.552333463627276	0.8160006648697484	0.0024095503955273386	0.0827843979075817	0.0	0.3765234818652653	4.911842500877844e-09	0.0048731596518953695
VerMES	0.586423057886333	9.109550530134704e-11	0.007133713604321475	0.023264985550442617	0.3765234818652653	0.0	0.5498456038599482	4.8869013920551475e-05
VerNL	0.8767506981148385	0.0863661329939343	0.003966981013281172	0.13554491945481942	4.911842500877844e-09	0.5498456038599482	0.0	0.0007242666202187122
VerPN	0.01839481112014108	6.154214716460321e-07	1.9182610230910563e-13	1.5152824643710542e-07	0.0048731596518953695	4.8869013920551475e-05	0.0007242666202187122	0.0
