	NefAC	NefMES	NefNPC	NefOPC	VerCL	VerMES	VerNL	VerPN
NefAC	0.0	0.8717434402332361	0.8717434402332361	0.46847813411078715	0.20799999999999982	0.5440932944606414	0.8717434402332361	0.46847813411078715
NefMES	0.8717434402332361	0.0	0.7871720116618075	0.3965014577259474	0.704	0.07239650145772594	0.26570262390670557	0.1107871720116617
NefNPC	0.8717434402332361	0.7871720116618075	0.0	0.8717434402332361	0.20799999999999982	0.8717434402332361	0.46847813411078715	0.6227871720116618
NefOPC	0.46847813411078715	0.3965014577259474	0.8717434402332361	0.0	0.7871720116618075	0.01884548104956266	0.8717434402332361	0.15617492711370237
VerCL	0.20799999999999982	0.704	0.20799999999999982	0.7871720116618075	0.0	0.7871720116618075	0.8717434402332361	0.3287230320699709
VerMES	0.5440932944606414	0.07239650145772594	0.8717434402332361	0.01884548104956266	0.7871720116618075	0.0	0.6227871720116618	0.1107871720116617
VerNL	0.8717434402332361	0.26570262390670557	0.46847813411078715	0.8717434402332361	0.8717434402332361	0.6227871720116618	0.0	0.6227871720116618
VerPN	0.46847813411078715	0.1107871720116617	0.6227871720116618	0.15617492711370237	0.3287230320699709	0.1107871720116617	0.6227871720116618	0.0
