	NefAC	NefMES	NefNPC	NefOPC	VerCL	VerMES	VerNL	VerPN
NefAC	0.0	0.0024953982859902053	0.20538635110581185	8.762523965086177e-05	0.0009430623223403293	0.0009430623223403293	0.03576957497026169	0.0009430623223403293
NefMES	0.0024953982859902053	0.0	0.26458604674749614	0.00023589981215941676	0.0015905004234978686	0.0024953982859902053	0.05807305801714863	0.00023589981215941676
NefNPC	0.20538635110581185	0.26458604674749614	0.0	0.18746985521554207	0.30849527238037144	0.26458604674749614	0.2861051019083129	0.18746985521554207
NefOPC	8.762523965086177e-05	0.00023589981215941676	0.18746985521554207	0.0	0.0037047773275858133	0.0037047773275858133	0.029818035695845287	8.762523965086177e-05
VerCL	0.0009430623223403293	0.0015905004234978686	0.30849527238037144	0.0037047773275858133	0.0	0.0009430623223403293	0.01594401657897401	0.0009430623223403293
VerMES	0.0009430623223403293	0.0024953982859902053	0.26458604674749614	0.0037047773275858133	0.0009430623223403293	0.0	0.04986723056888511	0.00962792472537983
VerNL	0.03576957497026169	0.05807305801714863	0.2861051019083129	0.029818035695845287	0.01594401657897401	0.04986723056888511	0.0	0.005265691029161748
VerPN	0.0009430623223403293	0.00023589981215941676	0.18746985521554207	8.762523965086177e-05	0.0009430623223403293	0.00962792472537983	0.005265691029161748	0.0
