	NefAC	NefMES	NefNPC	NefOPC	VerCL	VerMES	VerNL	VerPN
NefAC	1.0	-0.6666666666666666	0.13333333333333333	0.4666666666666667	-0.7166666666666667	0.45	0.2833333333333333	0.15
NefMES	-0.6666666666666666	1.0	-0.26666666666666666	-0.6833333333333333	0.6	-0.03333333333333333	0.4166666666666667	0.21666666666666667
NefNPC	0.13333333333333333	-0.26666666666666666	1.0	-0.2833333333333333	0.08333333333333333	-0.65	-0.2	-0.4
NefOPC	0.4666666666666667	-0.6833333333333333	-0.2833333333333333	1.0	-0.36666666666666664	0.13333333333333333	-0.25	-0.016666666666666666
VerCL	-0.7166666666666667	0.6	0.08333333333333333	-0.36666666666666664	1.0	-0.4166666666666667	-0.08333333333333333	-0.08333333333333333
VerMES	0.45	-0.03333333333333333	-0.65	0.13333333333333333	-0.4166666666666667	1.0	0.38333333333333336	0.3333333333333333
VerNL	0.2833333333333333	0.4166666666666667	-0.2	-0.25	-0.08333333333333333	0.38333333333333336	1.0	0.7
VerPN	0.15	0.21666666666666667	-0.4	-0.016666666666666666	-0.08333333333333333	0.3333333333333333	0.7	1.0
