Name,NefAC,NefMES,NefNPC,NefOPC,VerCL,VerMES,VerNL,VerPN
TET1H1.A,1.4006084134335735,1.2269174173872668,1.3312524336748195,1.444968829357073,1.172849199396695,0.604069500967073,0.8144059741359159,1.3291775336413272
TET1H1.B,1.4190524542421536,1.225733415917103,1.3525146470781984,1.4511622036010676,1.1832350899325619,0.618556353472371,0.8186189610558112,1.3370962928197967
TET1H1.C,1.3933316800725646,1.2175172559699652,1.3446959973216317,1.453857662434305,1.1791081933156873,0.6263538252500764,0.8111639856292592,1.3427964852013243
TET1N1.A,1.532250853842345,1.336799719422637,1.3843835603879517,1.4108470342747388,1.254106177950127,0.7080715256611183,0.8121912604651215,1.2782557911546797
TET1N1.B,1.5340009525448244,1.322243148629627,1.3775129826563528,1.4105075932366664,1.2570303366867184,0.7070900357407138,0.7917000606271334,1.2771765503203198
TET1N1.C,1.5332429558215044,1.329579017933406,1.3694950576216343,1.4077567819933121,1.2527832299356558,0.691844987500264,0.7888656239302215,1.2699005731354303
TET1W1.A,1.600016190123512,1.411696509273031,1.2251879482697132,1.3068450694965958,1.3124210657143178,0.8660450875776118,0.7765371966324396,1.1490821143784986
TET1W1.B,1.6040695009670731,1.4141251474395966,1.2263126857620321,1.3050857709928607,1.3046482826892338,0.8904277339561475,0.8081699221189935,1.1515868765677388
TET1W1.C,1.5846109501183343,1.415803494879942,1.2290090864878573,1.306037427421993,1.3127583905368698,0.8574615221914952,0.7785857799519554,1.1470758004041564
