Name,NefAC,NefMES,NefNPC,NefOPC,VerCL,VerMES,VerNL,VerPN
fpkm_CM_1,0.6862475281368667,1.087528287828407,0.45412937917497115,0.2629678918367574,0.47411423167932326,0.3434077097777536,0.14419500506503782,0.15315061648206105
fpkm_CM_2,0.6618228631585937,1.0802026128154683,0.4460024028407874,0.24569949018817677,0.44958771822654997,0.3434741539078937,0.17074924106233408,0.14792429414189862
fpkm_CM_3,0.6333573921285923,1.1014090672466932,0.42589347802078675,0.23349893956985554,0.45598818314911804,0.35880430950800773,0.14345245360079928,0.1336748428166192
fpkm_vehicle_1,0.7200415737399692,0.783745810184278,0.4175205375117456,0.2937525176249274,0.5477393344194355,0.1727950589091271,0.10140906724669323,0.17347476852801402
fpkm_vehicle_2,0.7103649615834214,0.9218759226709643,0.37132880173339394,0.2633645325321872,0.5143646852389967,0.22173713742359058,0.10552834370656271,0.14423376005166916
fpkm_vehicle_3,0.7403112461127161,0.8998218384198191,0.3679061207622901,0.25865853547717854,0.535779613388657,0.20632779420441663,0.10313878270936597,0.14449909507514144
