Name,BIOCARTA_CC,FAO,G2M,GLYC,KEGG_CC,NefAC,NefMES,NefNPC,NefOPC,OXPHOS,VerCL,VerMES,VerNL,VerPN,WP_CC
fpkm_CM_1,0.6047544904092581,0.5820686535556224,0.4670785944393891,0.5825870452668283,0.42802366307337925,0.6862475281368667,1.087528287828407,0.45412937917497115,0.2629678918367574,0.895655968574151,0.47411423167932326,0.3434077097777536,0.14419500506503782,0.15315061648206105,0.43828884260091655
fpkm_CM_2,0.5113861359683111,0.5758183487224579,0.3999138988472164,0.5834616053791272,0.3853333943004109,0.6618228631585937,1.0802026128154683,0.4460024028407874,0.24569949018817677,0.9033902868492403,0.44958771822654997,0.3434741539078937,0.17074924106233408,0.14792429414189862,0.39624632246227187
fpkm_CM_3,0.5267030364074138,0.5817250024089555,0.3946379538772182,0.5830290210995102,0.38250894534219115,0.6333573921285923,1.1014090672466932,0.42589347802078675,0.23349893956985554,0.9031620785858416,0.45598818314911804,0.35880430950800773,0.14345245360079928,0.1336748428166192,0.39302527490163613
fpkm_vehicle_1,0.8747275815674103,0.6108856987421848,0.8191931653706496,0.49643838298794124,0.695847161361973,0.7200415737399692,0.783745810184278,0.4175205375117456,0.2937525176249274,0.9799753812313868,0.5477393344194355,0.1727950589091271,0.10140906724669323,0.17347476852801402,0.6967635970532513
fpkm_vehicle_2,0.8273966237305925,0.5656738810797849,0.7736741807910757,0.4821083158990753,0.6715287597562866,0.7103649615834214,0.9218759226709643,0.37132880173339394,0.2633645325321872,0.9341378175344239,0.5143646852389967,0.22173713742359058,0.10552834370656271,0.14423376005166916,0.6742316571302239
fpkm_vehicle_3,0.844950306061647,0.5763762061712492,0.806224082969111,0.47751631978629744,0.6825115596166295,0.7403112461127161,0.8998218384198191,0.3679061207622901,0.25865853547717854,0.9454686905458539,0.535779613388657,0.20632779420441663,0.10313878270936597,0.14449909507514144,0.6820913407359136
