	NefAC	NefMES	NefNPC	NefOPC	VerCL	VerMES	VerNL	VerPN
NefAC	0.0	0.004804664723032055	0.15617492711370237	0.004804664723032055	0.704	0.20799999999999982	0.0	0.1107871720116617
NefMES	0.004804664723032055	0.0	0.20799999999999982	0.0	0.46847813411078715	0.1107871720116617	0.004804664723032055	0.01884548104956266
NefNPC	0.15617492711370237	0.20799999999999982	0.0	0.20799999999999982	0.20799999999999982	0.07239650145772594	0.15617492711370237	0.20799999999999982
NefOPC	0.004804664723032055	0.0	0.20799999999999982	0.0	0.46847813411078715	0.1107871720116617	0.004804664723032055	0.01884548104956266
VerCL	0.704	0.46847813411078715	0.20799999999999982	0.46847813411078715	0.0	0.20799999999999982	0.704	0.15617492711370237
VerMES	0.20799999999999982	0.1107871720116617	0.07239650145772594	0.1107871720116617	0.20799999999999982	0.0	0.20799999999999982	0.07239650145772594
VerNL	0.0	0.004804664723032055	0.15617492711370237	0.004804664723032055	0.704	0.20799999999999982	0.0	0.1107871720116617
VerPN	0.1107871720116617	0.01884548104956266	0.20799999999999982	0.01884548104956266	0.15617492711370237	0.07239650145772594	0.1107871720116617	0.0
