	NefAC	NefMES	NefNPC	NefOPC	VerCL	VerMES	VerNL	VerPN
NefAC	0.0	0.03632398179113079	1.4116470034360351e-05	3.8322714527609605e-11	1.1533709076774e-06	0.6347287445405057	0.005795394134402029	0.005356070206657814
NefMES	0.03632398179113079	0.0	0.06797530100098743	0.08487240569228137	0.4348682763844709	4.950149838134681e-09	0.06951421025658389	0.40139564965604846
NefNPC	1.4116470034360351e-05	0.06797530100098743	0.0	2.997907564903896e-08	4.721171561582707e-12	0.985622477500318	0.3759940380806587	2.5472683801529495e-07
NefOPC	3.8322714527609605e-11	0.08487240569228137	2.997907564903896e-08	0.0	3.206496798168398e-09	0.38225240600457033	0.02335117900126815	1.911586163143823e-05
VerCL	1.1533709076774e-06	0.4348682763844709	4.721171561582707e-12	3.206496798168398e-09	0.0	0.6524411531247456	0.8058722657085159	0.00034035026933449585
VerMES	0.6347287445405057	4.950149838134681e-09	0.985622477500318	0.38225240600457033	0.6524411531247456	0.0	0.8829871622069817	0.007758753341299403
VerNL	0.005795394134402029	0.06951421025658389	0.3759940380806587	0.02335117900126815	0.8058722657085159	0.8829871622069817	0.0	0.05853854491025658
VerPN	0.005356070206657814	0.40139564965604846	2.5472683801529495e-07	1.911586163143823e-05	0.00034035026933449585	0.007758753341299403	0.05853854491025658	0.0
