Name,NefAC,NefMES,NefNPC,NefOPC,VerCL,VerMES,VerNL,VerPN
GSM5848263_BT428_MRD_CT,0.9194596115177455,0.8232959349198176,0.6779337848566053,0.7641391339235996,0.6896053687061714,0.5496591141291101,0.4370730242089916,0.5846163816928662
GSM5848264_BT799_MRD_CT,0.9715368592179628,0.787183417825133,0.6966614811099163,0.8283498791298184,0.7636979252047363,0.5338256998706581,0.46478978153806944,0.6189098387367599
GSM5848265_BT935_MRD_CT,0.7464329087890497,0.6474926603772169,0.40615125391809476,0.4626870749748799,0.4692257119111863,0.3607693922553168,0.18902772900032389,0.22684527779931488
GSM5848266_BT954_MRD_CON,1.189027729000324,0.9247996270477652,0.9112906453597824,0.9636631964575371,0.8809131973716856,0.6183687712994196,0.5616675245452387,0.7947141465291869
GSM5848267_MBT06_MRD_CON,1.1672904994274522,1.0817542101457207,0.7854406093906888,0.9368123057502397,0.9055574523751672,0.7103563740505372,0.5368077960325948,0.6703978954559503
