Name,BIOCARTA_CC,FAO,G2M,GLYC,KEGG_CC,NefAC,NefMES,NefNPC,NefOPC,OXPHOS,VerCL,VerMES,VerNL,VerPN,WP_CC
GSM5848263_BT428_MRD_CT,0.749825543773505,0.5894540087943578,0.731215652484543,0.6861385576163347,0.7588623429728778,0.9194596115177455,0.8232959349198176,0.6779337848566053,0.7641391339235996,0.7881649428507838,0.6896053687061714,0.5496591141291101,0.4370730242089916,0.5846163816928662,0.7643196569697639
GSM5848264_BT799_MRD_CT,0.9190737559816929,0.6353805238833983,0.8363841970403518,0.7447957600110057,0.8378764089199034,0.9715368592179628,0.787183417825133,0.6966614811099163,0.8283498791298184,0.7708573939261083,0.7636979252047363,0.5338256998706581,0.46478978153806944,0.6189098387367599,0.8407080552988386
GSM5848265_BT935_MRD_CT,0.6007766772657305,0.38713640885606115,0.4424893877360641,0.48931219698678224,0.5434094122894033,0.7464329087890497,0.6474926603772169,0.40615125391809476,0.4626870749748799,0.5382822337586783,0.4692257119111863,0.3607693922553168,0.18902772900032389,0.22684527779931488,0.5502794852873627
GSM5848266_BT954_MRD_CON,0.7282986606794098,0.7449563937510335,0.9140559297256675,0.7645483534471413,0.8983682558175297,1.189027729000324,0.9247996270477652,0.9112906453597824,0.9636631964575371,0.9535203284536996,0.8809131973716856,0.6183687712994196,0.5616675245452387,0.7947141465291869,0.892449495906581
GSM5848267_MBT06_MRD_CON,0.66214120325867,0.6416170574785848,0.8696950893649908,0.796438275264989,0.8945748570712996,1.1672904994274522,1.0817542101457207,0.7854406093906888,0.9368123057502397,0.945990672439196,0.9055574523751672,0.7103563740505372,0.5368077960325948,0.6703978954559503,0.8990368841372578
