	NefAC	NefMES	NefNPC	NefOPC	VerCL	VerMES	VerNL	VerPN
NefAC	0.0	0.1591057694121953	4.1910446530342335e-05	3.9272610809659444e-06	5.9978574465377e-05	0.012593030496094107	0.008239768712338441	0.001614768986069931
NefMES	0.1591057694121953	0.0	0.022034190932365288	0.04785597684206058	0.5128409431818263	3.9272610809659444e-06	0.602099427786538	0.00041811794041499725
NefNPC	4.1910446530342335e-05	0.022034190932365288	0.0	6.99316495321054e-06	0.0025862148333625915	0.0009513628555555001	0.009201779777634755	4.1910446530342335e-05
NefOPC	3.9272610809659444e-06	0.04785597684206058	6.99316495321054e-06	0.0	0.0025862148333625915	0.0019003677255282703	0.03316990109010587	0.00025981184986148103
VerCL	5.9978574465377e-05	0.5128409431818263	0.0025862148333625915	0.0025862148333625915	0.0	0.11210929146889191	0.0011431050868040604	0.02831967129576002
VerMES	0.012593030496094107	3.9272610809659444e-06	0.0009513628555555001	0.0019003677255282703	0.11210929146889191	0.0	0.21702022575997748	9.5435818268384e-07
VerNL	0.008239768712338441	0.602099427786538	0.009201779777634755	0.03316990109010587	0.0011431050868040604	0.21702022575997748	0.0	0.11210929146889191
VerPN	0.001614768986069931	0.00041811794041499725	4.1910446530342335e-05	0.00025981184986148103	0.02831967129576002	9.5435818268384e-07	0.11210929146889191	0.0
