Name,NefAC,NefMES,NefNPC,NefOPC,VerCL,VerMES,VerNL,VerPN
Erlotinib_1,1.8988554245498102,2.103958259316354,1.5465373522899726,1.344565760075378,1.8921652335847583,1.3512797427228165,1.3262379826338455,1.4695514552332334
Erlotinib_2,1.9024251197654796,2.0988957483043573,1.534210307267858,1.359003239495985,1.8831273791275618,1.338712723452542,1.300054259848374,1.4451617463287234
Erlotinib_3,1.894216546699536,2.054939499539924,1.5428265558569405,1.3886617714068266,1.9008001280321523,1.3457176165739357,1.2542715559701743,1.4449994041639107
X456_1,1.8985056174439399,2.087964015863339,1.5594595818182653,1.3541382118729381,1.8916970325824645,1.380308050188467,1.3276923219856471,1.4954491894479982
X456_2,1.9325949300804781,2.099463987758739,1.5805965049313169,1.379483561027881,1.882433981186429,1.2868570669834845,1.2859969683404657,1.4521097755192987
X456_3,1.8275549881090363,2.02026626621079,1.4585877448567652,1.2912409050309819,1.812992664735965,1.153936525824696,1.103958259316354,1.3518159746255478
