Name,BIOCARTA_CC,FAO,G2M,GLYC,KEGG_CC,NefAC,NefMES,NefNPC,NefOPC,OXPHOS,VerCL,VerMES,VerNL,VerPN,WP_CC
Erlotinib_1,1.6010884799638048,1.3988530774113361,1.6577828481027101,1.4507046609909342,1.617003224780994,1.4688825745278393,1.6275423524549903,1.1963426695182675,1.0401051021300092,1.8512382335852626,1.46370729640936,1.0452987845920867,1.0259274282715194,1.1367892979403083,1.6168567274939725
Erlotinib_2,1.6400929021025632,1.38559126348159,1.6532485829927033,1.4571684667464848,1.6246410312436317,1.471643955426501,1.6236261858460237,1.1868069347833825,1.051273388913118,1.8414711948217133,1.4567159548086999,1.0355774148757806,1.005672692898517,1.1179223436980523,1.625102089353956
Erlotinib_3,1.5221463187462474,1.3843402102406277,1.627473949592413,1.4382048348689342,1.5786693612955187,1.4652941144736749,1.5896232980974767,1.1934721380667257,1.0742161049022732,1.8237201441175976,1.470386923421865,1.0409961346526613,0.9702569287113095,1.1177967619534277,1.5791837784994625
X456_1,1.635140050652501,1.3697186307893137,1.703901094133448,1.4537267837582826,1.64974012759946,1.468611977011243,1.6151698120302975,1.2063388164248485,1.047509987967633,1.8539802605036828,1.463345113862572,1.067753982841021,1.0270524500629061,1.1568228033962806,1.6500320863135371
X456_2,1.6199809584004068,1.38172986876871,1.723498958088089,1.4685881973084443,1.6594184164153287,1.4949821770075458,1.6240657543470842,1.2226895388855947,1.067116189281167,1.8220297816671729,1.4561795684468022,0.9954638447780682,0.9947985050724901,1.1232970756936522,1.6597078816253752
X456_3,1.5943464599852128,1.3329124009817437,1.6683532460386816,1.410569551693211,1.6047741402108304,1.413727259757673,1.5628013991886762,1.1283081872059395,0.9988550157088659,1.791702216721348,1.4024623984255287,0.8926415528959759,0.8539802605036828,1.0457135932645345,1.604540671054648
