Name,BIOCARTA_CC,FAO,G2M,GLYC,KEGG_CC,NefAC,NefMES,NefNPC,NefOPC,OXPHOS,VerCL,VerMES,VerNL,VerPN,WP_CC
shCCR7_1_1,1.5651409563675016,1.1621315145977587,1.5619143933621298,1.2652899482382396,1.4460064428749377,0.8658086638751564,1.5530563898540373,0.9522621112742714,0.7310244144698768,1.7273773467750424,1.2433685987244785,1.0522702718559143,0.825376870393643,0.8538146718334572,1.4448896918111216
shCCR7_1_2,1.5630851483377208,1.1751021594326365,1.5597765815537978,1.2164095106967414,1.4405463603387436,0.8609895028371853,1.5358005507874015,0.9208827264405667,0.7557284020391437,1.7220260842439288,1.2347716081646862,1.0629291294683614,0.8402266325080325,0.8267999241307743,1.4394383432916824
shCCR7_2_1,1.5263627954577845,1.1843164201955152,1.5274122338646399,1.222582189581283,1.4252628615875391,0.8270004603149583,1.5436353337303035,1.0024448824255403,0.7445808756221995,1.7236726902909716,1.254389120894587,1.044021752004456,0.8449604825970198,0.8308755782960843,1.4261248661305488
shCCR7_2_2,1.5231834572088754,1.137239445331305,1.5157368118118906,1.2141320711788268,1.4222879340384602,0.8262853173905487,1.547207733653834,0.9375656290847807,0.7328869305899435,1.7310244144698768,1.2391526735058138,1.0251154312738444,0.8070282340236764,0.8136880935121558,1.4232416472604363
shCONT.1,1.5783830836361192,1.1429135922378464,1.5501201125167907,1.26536492646537,1.4529240856505816,1.0998872105007722,1.5652160037471017,1.053646712562144,0.8831862211496587,1.697089811401898,1.2673062945942777,1.0683972934304935,0.8716671822860511,0.9145298055293467,1.449635628057699
shCONT.2,1.5155006648775091,1.1616580530488372,1.498117636405087,1.2440498621848,1.397900634441786,0.8978551324237903,1.530624861931631,0.9838208986246959,0.7511702305937584,1.7290440266815266,1.2498699568923521,1.01340397488986,0.8538688534190202,0.8655348649839792,1.3978442980343644
