Name,BIOCARTA_CC,FAO,G2M,GLYC,KEGG_CC,NefAC,NefMES,NefNPC,NefOPC,OXPHOS,PD-L1,VerCL,VerMES,VerNL,VerPN,WP_CC
shCCR7_1_1,0.9542736437588973,0.7085569324925732,0.9523063934461204,0.7714531042105712,0.8816367826343595,0.5278875267514042,0.9469056279433667,0.5805985914829441,0.44570894962196933,1.0531899175901107,0.12233637082265064,0.7580875565316201,0.6415740272196475,0.5032360762016356,0.5205747346081258,0.880955894371546
shCCR7_1_2,0.9530202081424651,0.7164651943383358,0.9510029597485304,0.7416504764974018,0.8783077451851505,0.5249492620891345,0.936384663454358,0.5614664361442521,0.4607710845288546,1.0499272281987808,0.11230894356489408,0.752845931824607,0.6480727817572222,0.5122900445002736,0.5041037186139514,0.8776321820925457
shCCR7_2_1,0.9306304205980462,0.7220831715288019,0.931270268024143,0.7454139872195134,0.8689893256630228,0.504225986448301,0.9411615666697305,0.6111952579912326,0.4539743863723609,1.0509311714832206,0.11730861331073006,0.7648068196143541,0.6365448667071419,0.5151762946843532,0.5065886637143966,0.8695148937997762
shCCR7_2_2,0.9286919634366096,0.6933801233093753,0.9241517094691627,0.740261911142723,0.8671754986459553,0.5037899605162541,0.9433396753430242,0.5716380786598996,0.4468445342715339,1.0554135515471839,0.06972177128532159,0.7555170875244277,0.6250175959522141,0.4920488281678146,0.49610937514611575,0.867756981986311
shCONT.1,0.9623474296938528,0.6968396767902932,0.9451153661383188,0.7714988187806969,0.8858545012691443,0.670606293841008,0.9543194004916019,0.6424132494525131,0.5384827033918873,1.0347234678921318,0.10062673532358188,0.7726824798629229,0.6514067464890158,0.5314594923869903,0.5575930310290143,0.8838495135415279
shCONT.2,0.9240077295965398,0.708268260807361,0.913409217141507,0.7585029259985016,0.8523064498533341,0.5474264061009579,0.9332290221408617,0.5998401293616772,0.45799194642223917,1.0542060999990304,0.055413551547183956,0.7620514645253367,0.6178770670996523,0.5206077693701832,0.5277205903074514,0.8522721012864732
