""	BIOCARTA_CC	FAO	G2M	GLYC	KEGG_CC	NefAC	NefMES	NefNPC	NefOPC	OXPHOS	PD.L1	VerCL	VerMES	VerNL	VerPN	WP_CC
CTLA4	0.441112809121304	0.804726162223106	0.441112809121304	0.158302423375458	0.441112809121304	0.158302423375458	0.804726162223106	0.804726162223106	0.158302423375458	0.804726162223106	0.804726162223106	0.804726162223106	0.441112809121304	0.158302423375458	0.441112809121304	0.804726162223106
CD274	0.563888888888889	0.136111111111111	0.175	0.563888888888889	0.355555555555556	0.658333333333333	0.0333333333333333	0.419444444444444	0.563888888888889	0.0333333333333333	0.0333333333333333	0.0583333333333333	0.0166666666666667	0.919444444444444	0.919444444444444	0.175
LAG3	0.658333333333333	0.658333333333333	0.802777777777778	0.713888888888889	0.175	0.241666666666667	0.563888888888889	0.419444444444444	0.713888888888889	0.497222222222222	1	0.802777777777778	0.919444444444444	0.0333333333333333	0.0583333333333333	0.241666666666667
HAVCR2	0.802777777777778	1	0.297222222222222	0.241666666666667	0.658333333333333	1	0.919444444444444	0.497222222222222	0.241666666666667	0.355555555555556	1	0.802777777777778	0.658333333333333	0.563888888888889	0.297222222222222	0.355555555555556
CD47	0.297222222222222	0.175	0.241666666666667	0.919444444444444	0.919444444444444	0.0583333333333333	0.241666666666667	1	0.919444444444444	0.241666666666667	0.175	0.497222222222222	0.175	0.297222222222222	0.563888888888889	0.713888888888889
LGALS9	0.713888888888889	0.0583333333333333	0.102777777777778	0.658333333333333	0.297222222222222	0.419444444444444	0.0166666666666667	0.713888888888889	0.658333333333333	0.0166666666666667	0.0166666666666667	0.102777777777778	0.0583333333333333	1	0.802777777777778	0.136111111111111
CD276	0.658333333333333	0.102777777777778	0.563888888888889	0.175	0.297222222222222	0.802777777777778	0.0333333333333333	0.241666666666667	0.175	0.136111111111111	0.175	0.297222222222222	0.175	0.419444444444444	0.658333333333333	0.241666666666667
