Name,BIOCARTA_CC,FAO,G2M,GLYC,KEGG_CC,NefAC,NefMES,NefNPC,NefOPC,OXPHOS,PD-L1,VerCL,VerMES,VerNL,VerPN,WP_CC
WZ05_FPKM,0.5218207001027858,0.4789877197814522,0.6427996551574969,0.5181418536857225,0.5953521494345003,0.6806666063851676,0.5916406742143812,0.5699780834813486,0.5563980212759994,0.6645105028277459,0.07781453126282056,0.5809864743743361,0.3656131497816255,0.4204779979648265,0.5631994077359815,0.5962766068358497
WZ12_FPKM,-0.31933339361483243,-0.055051022945112965,0.0033498908125236078,0.06830176958962121,-0.07307439468836377,-0.16274369152709245,0.008429201225434587,0.027728071875791405,0.009865504715991867,0.011694187358503437,0.07940922660277377,0.04193970234255203,0.08238121614919915,0.024581272299762785,-0.03521060734805068,-0.06177433852811577
WZ27_FPKM,-0.0839165878185059,-0.00860832992877596,0.08257295857124146,0.04685760972902167,-0.009210238379862793,0.06042150810117885,0.04894220123544317,0.06857647286943476,0.08367529099780348,0.07907109412406559,0.01899121707951944,0.1770918347871471,0.11021877462702166,0.05655120750503014,0.036217528022938664,-0.007804393081189883
WZ28_FPKM,0.004473542111217631,-0.03741008617152832,0.039786198715491425,0.08694174790216339,0.020578937747742745,0.1257543574570971,0.05120253276831424,0.026690290266128326,-0.007415469355393911,0.0401887314983568,0.02542829049116093,0.1449632242018833,0.03514335985508513,0.06399807694093956,-0.03404761794539318,0.025538130505109734
WZ29_FPKM,-0.00659843065078481,0.0066142544498788295,0.06685274630201289,0.05655087358001596,0.04301471198919266,0.12331617210161686,0.10975421310186485,0.006205191691862339,0.08351177665725483,0.03743127230901425,-0.027989110702592253,0.12816400810576542,0.11592432640240781,0.05435034485621795,0.042061285569546164,0.05400998432908888
WZ31_FPKM,0.011963916629160342,-0.04700857171540029,0.06610477291741307,-0.0075439122008948215,-0.04515097961667508,0.10907734963771545,0.07034345631196864,0.03716737500657675,0.1651179626011475,0.05247075256193568,-0.0017833843252884666,0.08393991753692195,0.07479009947659052,0.025691980267402326,0.07988896972539136,-0.03274294555040268
