Name,NefAC,NefMES,NefNPC,NefOPC,VerCL,VerMES,VerNL,VerPN
WZ05_FPKM,0.8070409005795389,0.7014861873027894,0.6758016648507217,0.6597002937399294,0.6888539016093163,0.43349381752469446,0.498545013032991,0.6677644429171661
WZ12_FPKM,-0.19295909942046102,0.009994188174249059,0.03287613625826982,0.011697159425741531,0.049726334201002385,0.09767632237017014,0.02914509386547705,-0.04174789830668351
WZ27_FPKM,0.07163951904635683,0.05802893485720116,0.08130855532495379,0.09921065844812368,0.2099711554690668,0.13068227279160838,0.06705064859299734,0.042941766436323935
WZ28_FPKM,0.1491022314624137,0.060708925294199856,0.03164567747417392,-0.00879224426563184,0.17187746528672787,0.04166816547305317,0.07588012275799515,-0.040368985332136835
WZ29_FPKM,0.1462113664095259,0.13013145959154815,0.007357263371365504,0.09901678561902329,0.15195926398221227,0.13744713182819995,0.06444116818439892,0.04987049087930605
WZ31_FPKM,0.12932892793426948,0.08340360140976898,0.044067964427964894,0.19577418370379526,0.09952441622387473,0.08867581965944993,0.0304620187007428,0.09472135913344303
