""	BIOCARTA_CC	FAO	G2M	GLYC	KEGG_CC	NefAC	NefMES	NefNPC	NefOPC	OXPHOS	PD.L1	VerCL	VerMES	VerNL	VerPN	WP_CC
CTLA4	0.355555555555556	0.802777777777778	0.802777777777778	0.175	0.658333333333333	1	0.497222222222222	0.355555555555556	0.419444444444444	1	1	0.919444444444444	0.919444444444444	1	0.713888888888889	0.658333333333333
CD274	0.0583333333333333	0.919444444444444	0.241666666666667	0.658333333333333	0.355555555555556	0.919444444444444	0.0333333333333333	0.241666666666667	0.102777777777778	0.802777777777778	0.241666666666667	0.658333333333333	0.419444444444444	0.802777777777778	0.241666666666667	0.355555555555556
LAG3	0.658333333333333	0.713888888888889	0.658333333333333	0.658333333333333	0.497222222222222	0.297222222222222	0.419444444444444	1	0.919444444444444	0.563888888888889	0.919444444444444	1	1	0.497222222222222	0.713888888888889	0.497222222222222
HAVCR2	0.175	1	0.497222222222222	0.497222222222222	0.563888888888889	0.802777777777778	0.136111111111111	0.355555555555556	0.241666666666667	1	0.563888888888889	1	0.802777777777778	1	0.497222222222222	0.563888888888889
CD47	0.241666666666667	0.919444444444444	0.563888888888889	0.419444444444444	0.497222222222222	0.919444444444444	0.241666666666667	0.419444444444444	0.355555555555556	0.919444444444444	0.713888888888889	0.919444444444444	0.919444444444444	0.919444444444444	0.658333333333333	0.497222222222222
LGALS9	0.241666666666667	1	0.297222222222222	0.419444444444444	0.497222222222222	0.497222222222222	0.241666666666667	0.563888888888889	0.297222222222222	0.175	0.0583333333333333	0.175	0.136111111111111	1	0.136111111111111	0.497222222222222
CD276	0.241666666666667	1	0.297222222222222	0.419444444444444	0.497222222222222	0.497222222222222	0.241666666666667	0.563888888888889	0.297222222222222	0.175	0.0583333333333333	0.175	0.136111111111111	1	0.136111111111111	0.497222222222222
