Name,BIOCARTA_CC,FAO,G2M,GLYC,KEGG_CC,NefAC,NefMES,NefNPC,NefOPC,OXPHOS,PD-L1,VerCL,VerMES,VerNL,VerPN,WP_CC
GSM6161225,1.1390809120551166,1.0832994514919807,1.3017593500667517,1.1252761032726994,1.22347341094507,0.7237384738881941,1.420738192016628,0.7289007911006771,0.5851890233888943,1.3607433400589068,0.4411220504048384,0.9751556553988902,1.0396108858142692,0.7925548675378308,0.7179107258833598,1.224809981737441
GSM6161226,1.0922783724501492,1.0647583365686284,1.2857853138043605,1.1191115831274723,1.198127203103545,0.6811064843682835,1.4268886813413428,0.779568366393013,0.5963368277686979,1.3548241070208835,0.4716457748240147,0.984971425249781,1.030435064905954,0.7946422895259382,0.7108759946071139,1.1994347983349025
GSM6161227,1.0767713970170185,1.0604920372279956,1.2937406613806484,1.1464052713850819,1.194391961435738,0.7339591964072776,1.4369189893437813,0.7489719105683024,0.5227912348239169,1.3427272491525704,0.472238924848385,0.974792311228604,1.0390191044464454,0.7630318651616319,0.6877988542894515,1.1951915851880057
GSM6161228,1.0712447752282908,1.0679228501810978,1.2679026342193562,1.112766150027599,1.1705591556134318,0.7128948742220999,1.4345223200246013,0.7506430330902512,0.6004123019514099,1.333875358655814,0.4926315938427163,0.9685957457671023,1.0396832709134993,0.7737634434328484,0.6773500165563054,1.1716401635291902
GSM6161229,1.147233229442579,1.0454598027324713,1.2793801568735022,1.1338784949859613,1.19445943836523,0.6931090549765248,1.4411220504048383,0.7269194977214826,0.5791200581222868,1.3335004006925542,0.5388461358737838,0.9697508146291381,1.0598978020857175,0.7819693361814054,0.6915277385595477,1.1946546858876734
GSM6161230,1.1002094838728511,1.058234461852693,1.2844015373440676,1.1423467786525092,1.1977132702190705,0.6731274483125792,1.4402336256323567,0.7545559559701099,0.5457733783599149,1.3390663598081445,0.5745522062360289,0.9632146671635937,1.0583546157616335,0.8252163459176232,0.7208609324389131,1.198251210314934
