	NefAC	NefMES	NefNPC	NefOPC	VerCL	VerMES	VerNL	VerPN
NefAC	1.0	0.6428571428571429	0.7857142857142857	0.7142857142857143	0.6428571428571429	-0.32142857142857145	0.42857142857142855	0.5
NefMES	0.6428571428571429	1.0	0.9285714285714286	0.5714285714285714	0.9285714285714286	-0.5	0.10714285714285714	0.7142857142857143
NefNPC	0.7857142857142857	0.9285714285714286	1.0	0.6071428571428571	0.8928571428571429	-0.5	0.25	0.75
NefOPC	0.7142857142857143	0.5714285714285714	0.6071428571428571	1.0	0.7142857142857143	-0.25	0.07142857142857142	0.42857142857142855
VerCL	0.6428571428571429	0.9285714285714286	0.8928571428571429	0.7142857142857143	1.0	-0.35714285714285715	0.2857142857142857	0.8571428571428571
VerMES	-0.32142857142857145	-0.5	-0.5	-0.25	-0.35714285714285715	1.0	0.17857142857142858	0.0
VerNL	0.42857142857142855	0.10714285714285714	0.25	0.07142857142857142	0.2857142857142857	0.17857142857142858	1.0	0.6071428571428571
VerPN	0.5	0.7142857142857143	0.75	0.42857142857142855	0.8571428571428571	0.0	0.6071428571428571	1.0
