	NefAC	NefMES	NefNPC	NefOPC	VerCL	VerMES	VerNL	VerPN
NefAC	0.0	0.16139488697261767	1.178273678830061e-06	5.313308788854517e-06	0.0001052917014638179	0.5087973091567661	4.817237031349922e-05	0.0001346632945158216
NefMES	0.16139488697261767	0.0	0.17679142638769535	0.3148867290910068	0.1951853292308136	4.814347000033904e-06	0.022305136015239656	0.8856829853518466
NefNPC	1.178273678830061e-06	0.17679142638769535	0.0	2.9312695553568264e-11	0.01861152624254085	0.68400574545332	7.594003126992984e-05	8.969286128156192e-11
NefOPC	5.313308788854517e-06	0.3148867290910068	2.9312695553568264e-11	0.0	0.057701026001290956	0.7419338618991111	0.0020692934516272116	2.6935222959590715e-13
VerCL	0.0001052917014638179	0.1951853292308136	0.01861152624254085	0.057701026001290956	0.0	0.38802981915948287	0.003370243535664484	0.16227325990714814
VerMES	0.5087973091567661	4.814347000033904e-06	0.68400574545332	0.7419338618991111	0.38802981915948287	0.0	0.3666340153024128	0.3121515008952366
VerNL	4.817237031349922e-05	0.022305136015239656	7.594003126992984e-05	0.0020692934516272116	0.003370243535664484	0.3666340153024128	0.0	0.02012755678120861
VerPN	0.0001346632945158216	0.8856829853518466	8.969286128156192e-11	2.6935222959590715e-13	0.16227325990714814	0.3121515008952366	0.02012755678120861	0.0
