	NefAC	NefMES	NefNPC	NefOPC	VerCL	VerMES	VerNL	VerPN
NefAC	0.0	0.10408803866182788	1.4042654220543672e-24	1.4042654220543672e-24	0.03738607346849874	0.10408803866182788	1.4042654220543672e-24	1.4042654220543672e-24
NefMES	0.10408803866182788	0.0	0.10408803866182788	0.10408803866182788	0.03738607346849874	1.4042654220543672e-24	0.10408803866182788	0.10408803866182788
NefNPC	1.4042654220543672e-24	0.10408803866182788	0.0	1.4042654220543672e-24	0.03738607346849874	0.10408803866182788	1.4042654220543672e-24	1.4042654220543672e-24
NefOPC	1.4042654220543672e-24	0.10408803866182788	1.4042654220543672e-24	0.0	0.03738607346849874	0.10408803866182788	1.4042654220543672e-24	1.4042654220543672e-24
VerCL	0.03738607346849874	0.03738607346849874	0.03738607346849874	0.03738607346849874	0.0	0.03738607346849874	0.03738607346849874	0.03738607346849874
VerMES	0.10408803866182788	1.4042654220543672e-24	0.10408803866182788	0.10408803866182788	0.03738607346849874	0.0	0.10408803866182788	0.10408803866182788
VerNL	1.4042654220543672e-24	0.10408803866182788	1.4042654220543672e-24	1.4042654220543672e-24	0.03738607346849874	0.10408803866182788	0.0	1.4042654220543672e-24
VerPN	1.4042654220543672e-24	0.10408803866182788	1.4042654220543672e-24	1.4042654220543672e-24	0.03738607346849874	0.10408803866182788	1.4042654220543672e-24	0.0
