	NefAC	NefMES	NefNPC	NefOPC	VerCL	VerMES	VerNL	VerPN
NefAC	0.0	0.3900270258208054	0.6508342238705324	0.990272385227047	0.30330908061762435	0.33648964736439546	0.31141340050989863	0.5152947310342115
NefMES	0.3900270258208054	0.0	0.00014812554588688426	1.007895274460845e-05	9.103407554058783e-05	3.854410891744889e-06	0.060326235785684724	1.9612643482449587e-05
NefNPC	0.6508342238705324	0.00014812554588688426	0.0	3.9076829456376884e-05	0.028748754882630335	0.0004730566959090065	0.003849373038824422	1.8782879349938028e-08
NefOPC	0.990272385227047	1.007895274460845e-05	3.9076829456376884e-05	0.0	0.028748754882630335	0.00031600857312329123	0.08267356720316324	4.568456687421577e-08
VerCL	0.30330908061762435	9.103407554058783e-05	0.028748754882630335	0.028748754882630335	0.0	0.0013817713318639603	0.08267356720316324	0.03796502128315261
VerMES	0.33648964736439546	3.854410891744889e-06	0.0004730566959090065	0.00031600857312329123	0.0013817713318639603	0.0	0.0343837791763591	5.816363864327564e-05
VerNL	0.31141340050989863	0.060326235785684724	0.003849373038824422	0.08267356720316324	0.08267356720316324	0.0343837791763591	0.0	0.05901670687313079
VerPN	0.5152947310342115	1.9612643482449587e-05	1.8782879349938028e-08	4.568456687421577e-08	0.03796502128315261	5.816363864327564e-05	0.05901670687313079	0.0
