	NefAC	NefMES	NefNPC	NefOPC	VerCL	VerMES	VerNL	VerPN
NefAC	1.0	0.21568627450980393	-0.11455108359133127	-0.0030959752321981426	0.25696594427244585	0.24045407636738905	0.2528379772961816	-0.16408668730650156
NefMES	0.21568627450980393	1.0	-0.7770897832817337	-0.8452012383900929	0.7915376676986584	0.8637770897832817	-0.45098039215686275	-0.8307533539731682
NefNPC	-0.11455108359133127	-0.7770897832817337	1.0	0.8142414860681114	-0.5149638802889577	-0.737874097007224	0.6449948400412797	0.9318885448916409
NefOPC	-0.0030959752321981426	-0.8452012383900929	0.8142414860681114	1.0	-0.5149638802889577	-0.7523219814241486	0.4200206398348813	0.9236326109391125
VerCL	0.25696594427244585	0.7915376676986584	-0.5149638802889577	-0.5149638802889577	1.0	0.6945304437564499	-0.4200206398348813	-0.49226006191950467
VerMES	0.24045407636738905	0.8637770897832817	-0.737874097007224	-0.7523219814241486	0.6945304437564499	1.0	-0.500515995872033	-0.803921568627451
VerNL	0.2528379772961816	-0.45098039215686275	0.6449948400412797	0.4200206398348813	-0.4200206398348813	-0.500515995872033	1.0	0.45304437564499483
VerPN	-0.16408668730650156	-0.8307533539731682	0.9318885448916409	0.9236326109391125	-0.49226006191950467	-0.803921568627451	0.45304437564499483	1.0
