	NefAC	NefMES	NefNPC	NefOPC	VerCL	VerMES	VerNL	VerPN
NefAC	1.0	0.17983193277310924	-0.18319327731092436	0.23575248281130634	0.7705118411000764	0.0010695187165775401	0.057295645530939646	-0.20886172650878534
NefMES	0.17983193277310924	1.0	-0.7695951107715814	-0.4080977845683728	0.3136745607333843	0.8383498854087089	-0.5260504201680672	-0.7714285714285715
NefNPC	-0.18319327731092436	-0.7695951107715814	1.0	0.5923605805958747	-0.4982429335370512	-0.7702062643239114	0.5294117647058824	0.9483575248281131
NefOPC	0.23575248281130634	-0.4080977845683728	0.5923605805958747	1.0	-0.2898395721925134	-0.413903743315508	0.6632543926661574	0.6883116883116883
VerCL	0.7705118411000764	0.3136745607333843	-0.4982429335370512	-0.2898395721925134	1.0	0.21772345301757068	-0.306646294881589	-0.574025974025974
VerMES	0.0010695187165775401	0.8383498854087089	-0.7702062643239114	-0.413903743315508	0.21772345301757068	1.0	-0.5688311688311688	-0.7796791443850267
VerNL	0.057295645530939646	-0.5260504201680672	0.5294117647058824	0.6632543926661574	-0.306646294881589	-0.5688311688311688	1.0	0.5566080977845683
VerPN	-0.20886172650878534	-0.7714285714285715	0.9483575248281131	0.6883116883116883	-0.574025974025974	-0.7796791443850267	0.5566080977845683	1.0
