	NefMES	NefAC	NefOPC	NefNPC	VerPN	VerNL	VerCL	VerMES
NefMES	0.0	0.004615580734581194	1.7694022350849742e-08	1.1790506719037878e-16	7.981394666511556e-26	1.518587615426715e-17	1.7600137264157422e-11	9.21402111316425e-21
NefAC	0.004615580734581194	0.0	3.4468411845208846e-66	1.3627901788568828e-56	4.472101842527363e-13	3.0208303359317876e-16	0.0002685220474189376	2.2108529653569414e-07
NefOPC	1.7694022350849742e-08	3.4468411845208846e-66	0.0	4.695330011682873e-68	3.812671899460042e-38	3.4759928858953933e-59	1.373830152462187e-09	0.881158794304467
NefNPC	1.1790506719037878e-16	1.3627901788568828e-56	4.695330011682873e-68	0.0	7.955229887872495e-38	8.560666377305333e-23	4.743436366296541e-14	0.8110067140739122
VerPN	7.981394666511556e-26	4.472101842527363e-13	3.812671899460042e-38	7.955229887872495e-38	0.0	2.1800859061919784e-58	2.0378223051170585e-26	4.170921189984638e-09
VerNL	1.518587615426715e-17	3.0208303359317876e-16	3.4759928858953933e-59	8.560666377305333e-23	2.1800859061919784e-58	0.0	1.0457574810203661e-16	3.5464640202783333e-09
VerCL	1.7600137264157422e-11	0.0002685220474189376	1.373830152462187e-09	4.743436366296541e-14	2.0378223051170585e-26	1.0457574810203661e-16	0.0	2.397537788366492e-47
VerMES	9.21402111316425e-21	2.2108529653569414e-07	0.881158794304467	0.8110067140739122	4.170921189984638e-09	3.5464640202783333e-09	2.397537788366492e-47	0.0
