Name,BIOCARTA_CC,FAO,G2M,GLYC,KEGG_CC,NefAC,NefMES,NefNPC,NefOPC,OXPHOS,VerCL,VerMES,VerNL,VerPN,WP_CC
CTRL4,1.6793063481898494,1.6393295311645983,1.7145759959343247,1.7644752913439727,1.7021260516322694,2.0197153600879783,2.1449411956048854,1.6181724389174315,1.8179835160190274,1.9688432844068529,1.7391982086662836,1.9997292629947463,1.5340265990477306,1.5169164253583032,1.7072250163495701
CTRL5,1.5075508766787031,1.5649800007232735,1.7262943157491284,1.7941274182389526,1.6580970976157114,1.593742316237183,2.1380612656621687,1.3209493489869695,1.276771469378756,1.9385054366922583,1.6185341827324762,1.943672827475172,1.35363435249323,1.1902751942772136,1.6589320207245764
CTRL6,1.969600417551576,1.5644917443255375,2.0380801396510777,1.8059370521308995,1.9532827440282838,1.6592407929974,2.0846450863968045,1.5513419925638177,1.5466925840428887,1.9248077547282316,1.7187294918807268,1.736298563511587,1.41211015279861,1.5189046583053876,1.9517937906928098
CTRL7,1.6228597865845193,1.5672399185566148,1.6926933620726956,1.7431822135290482,1.6993786203997165,2.0862978972592625,2.1902751942772136,1.5408027749360784,1.6524773412674227,1.9132760354148803,1.8910175993766012,1.8686276042055234,1.3377375893415562,1.3973261661975818,1.704921190387413
EXP4,1.6730832584357311,1.613366243753741,1.6919337926242972,1.770726064836705,1.6930393820005525,2.029372172835892,2.1781516095165747,1.628736196916147,1.8113376866532265,1.9625053358785756,1.791148109629401,1.9535809013960237,1.53757021980024,1.5313513427727694,1.6996511242961088
EXP5,1.6433103730777372,1.5613938960834521,1.712353490479804,1.7808978031596843,1.6995855146610097,1.5799034689442395,2.1779273381823465,1.304265983186875,1.3413993223350191,1.9554707085123362,1.5650679580207303,2.0284153579704913,1.3604613182567074,1.2465916429952306,1.7016113638293178
EXP6,1.722477725773471,1.5752994686435555,1.7630090205686433,1.7570006371991833,1.7509488144644272,2.0526374498614017,2.165480084843767,1.8718877167077284,1.835116480861947,1.877773441704562,1.8158633183919282,1.780407462997449,1.4944373546217788,1.7216829360360564,1.7586222867048955
EXP7,1.6291903765254718,1.5412707630701783,1.6858877324330934,1.7095926614543062,1.6937971950170674,2.0516065178027345,2.188769510749781,1.5154063876966133,1.6411814045628577,1.882177471446956,1.8829838609841856,1.8802483625576658,1.3326163664905055,1.4009772634316215,1.7014708119821613
