	NefAC	NefMES	NefNPC	NefOPC	VerCL	VerMES	VerNL	VerPN
NefAC	1.0	0.8431372549019608	0.434468524251806	0.5128998968008256	0.19298245614035087	0.8018575851393189	0.8369453044375645	-0.2260061919504644
NefMES	0.8431372549019608	1.0	0.3498452012383901	0.6119711042311662	0.2260061919504644	0.9071207430340558	0.8101135190918473	-0.15789473684210525
NefNPC	0.434468524251806	0.3498452012383901	1.0	0.7337461300309598	0.913312693498452	0.5892672858617131	0.048503611971104234	0.7089783281733746
NefOPC	0.5128998968008256	0.6119711042311662	0.7337461300309598	1.0	0.6429308565531475	0.7192982456140351	0.391124871001032	0.5376676986584107
VerCL	0.19298245614035087	0.2260061919504644	0.913312693498452	0.6429308565531475	1.0	0.48813209494324045	-0.14551083591331268	0.8163054695562435
VerMES	0.8018575851393189	0.9071207430340558	0.5892672858617131	0.7192982456140351	0.48813209494324045	1.0	0.7007223942208463	0.06914344685242518
VerNL	0.8369453044375645	0.8101135190918473	0.048503611971104234	0.391124871001032	-0.14551083591331268	0.7007223942208463	1.0	-0.45717234262125905
VerPN	-0.2260061919504644	-0.15789473684210525	0.7089783281733746	0.5376676986584107	0.8163054695562435	0.06914344685242518	-0.45717234262125905	1.0
