""	NefMES	NefAC	NefOPC	NefNPC	VerPN	VerNL	VerCL	VerMES	OXPHOS	GLYC	FAO	G2M	KEGG_CC	WP_CC	BIOCARTA_CC	PD.L1
CD274	0.34376577337101	-0.163248885263272	-0.175041223734223	-0.249182678611529	-0.324011499603612	0.0403840719093607	-0.014314559284047	0.29806057093838	-0.122424331980574	0.118899428701328	0.149363135815546	-0.060162721234856	-0.11335768959389	-0.100853150989233	-0.123930365603591	0.550856179542861
LAG3	-0.00117146133614459	0.0538573031523796	0.0611994538697936	0.0185380947728274	0.0149985187039074	-0.0171147177389614	0.0411476361791854	-0.00074702646385677	0.0323204895231325	0.0267968000822464	-0.000934011528783257	0.0142882510072208	0.00901278356268279	0.0056240363863951	0.0329958735942151	-0.0270544244660276
HAVCR2	0.0306358541018102	-0.0118303921090642	-0.0270508393066515	-0.0118452666414202	-0.0180922145383729	0.0452274585689969	-0.0107090571381351	0.0327073213029485	0.0205267811340589	0.0171714228128084	0.0285986699871697	0.0294457822910294	0.054908791394075	0.0558337213473423	0.0354713559080883	-0.00423442193619765
CD47	0.30384259408272	-0.181368593751374	-0.343442160348174	-0.204498618789407	-0.320947738349303	0.198832646541243	-0.185600262776988	0.277410729551755	0.107305217005071	0.204768468047548	0.248055617004039	0.0605921178756581	0.169319650652685	0.184181605646629	0.0709815484288034	0.370171226407299
LGALS9	0.180861577925634	-0.0401358135885875	-0.06298843455195	-0.116522753602304	-0.157815907584016	0.0680269240367997	0.0203966023831332	0.158883574942957	0.00611574504235174	0.0979171162081229	0.118713797555058	-0.040686597944419	-0.0492489047436537	-0.0422666089340969	-0.0687045005425274	0.287369702620276
CD276	0.0817139056350228	0.0699112833717685	0.0194459694113222	-0.0598738355585765	-0.0632378432159498	-0.0390350311754657	0.0719100436095624	0.0940189876231762	0.0121402629164421	0.0541709108358822	-0.0171304322357722	0.0146109498379883	-0.0119666733450522	-0.00895657312263383	0.00182343518699365	-0.00950224858707998
