Name,BIOCARTA_CC,FAO,G2M,GLYC,KEGG_CC,NefAC,NefMES,NefNPC,NefOPC,OXPHOS,PD-L1,VerCL,VerMES,VerNL,VerPN,WP_CC
U87EGFRvIII.rep1_FPKM,0.34732996889736595,0.3681752733802112,0.51316928793772,0.4041872017406395,0.4298942124633437,0.16867460892800926,0.6146773250414507,0.12696795588598994,-0.01985335233301933,0.6776558277079355,-0.3223441722920646,0.21864341286453517,0.35019470214119325,0.14283472243857498,0.025601072270612566,0.43085534948086124
U87EGFRvIII.rep2_FPKM,0.3482928614077249,0.3604702280494332,0.5324802067353221,0.4025150843824729,0.4390427225393006,0.1513496648503292,0.6208335474084711,0.13465104330124042,0.001133674360055051,0.6620282020416188,-0.26865268260267633,0.21242209186255573,0.35981395305488884,0.1330979419939591,0.04002455256306252,0.43833397379256084
U87EGFRvIII.rep3_FPKM,0.34564256627587386,0.3658878993888491,0.5389366565571327,0.3996316587136175,0.4401618941847521,0.1321196841328123,0.6160139637335065,0.13014099801518542,-0.0031067661662211037,0.6685844995693309,-0.3134745586150387,0.22194465318315482,0.35857697845162173,0.14396927625503736,0.03811791165005735,0.4389305151979491
U87ctrl.rep1_FPKM,0.3444567032328149,0.3671945558931686,0.5257656011024467,0.40647152377174367,0.432498131888795,0.14918321577233512,0.6297129237295992,0.14001137689397855,-0.003005168212402058,0.6627523550350622,-0.2905321995378627,0.215363107462224,0.3641007150020444,0.13444305363530237,0.04149136064876625,0.43280500833299257
U87ctrl.rep2_FPKM,0.3544246801291211,0.378320312027158,0.5179848934475937,0.41720989134038433,0.4370963490069967,0.16189310223621367,0.6464441152582131,0.13944906148203504,0.013781837830331841,0.675022290007397,-0.2869034118620918,0.21578514427403883,0.3659208532514815,0.14656738151856552,0.03253279279214337,0.43746752800951333
U87ctrl.rep3_FPKM,0.34275734838833605,0.37233020803147443,0.5249220629850051,0.4149470033189826,0.4303476383704403,0.15180350192892708,0.627030375404197,0.14702241691989693,0.004762283313607119,0.6685385552936033,-0.280843766117343,0.22019588537330695,0.36577893328151223,0.14276953265220782,0.04194812048323203,0.42952504798818025
