Name,NefAC,NefMES,NefNPC,NefOPC,VerCL,VerMES,VerNL,VerPN
U87EGFRvIII.rep1_FPKM,0.2531521086787165,0.9225268816698396,0.19055746428843345,-0.029796529776395884,0.32814684656534066,0.5255831204149715,0.2143708019106607,0.0384228869474236
U87EGFRvIII.rep2_FPKM,0.22715029279261925,0.9317663320151577,0.2020884812725232,0.00170145380283893,0.3188096941603188,0.5400199919049241,0.19975753843869254,0.060070095580217975
U87EGFRvIII.rep3_FPKM,0.19828933855991562,0.9245329506661513,0.1953196647822557,-0.004662731463549666,0.3331014508962773,0.5381635018784215,0.21607357562907806,0.057208549490454244
U87ctrl.rep1_FPKM,0.22389881851368176,0.9450927766634143,0.21013343694692577,-0.004510250088847256,0.32322366200909436,0.5464536978030613,0.20177632390129688,0.062271526858362354
U87ctrl.rep2_FPKM,0.24297421213603296,0.9702034702236041,0.209289496455937,0.020684211633214367,0.3238570680061793,0.5491854180000737,0.2199728929609009,0.048826229086168384
U87ctrl.rep3_FPKM,0.2278314256209318,0.941066724553236,0.2206558242693095,0.007147383181304146,0.33047684567877594,0.548972420087171,0.21427296304808358,0.06295704624974927
