	NefMES	NefAC	NefOPC	NefNPC	VerPN	VerNL	VerCL	VerMES
NefMES	1.0	-0.08312138643199495	-0.45278067103816777	-0.7300871915049941	-0.7939443775525984	0.42943961780143414	-0.25605863929321065	0.8275528008932743
NefAC	-0.08312138643199495	1.0	0.7416026197845511	0.4331222138304202	0.41466524925933335	-0.16456811419254222	0.42717372844393087	0.22725199891328066
NefOPC	-0.45278067103816777	0.7416026197845511	1.0	0.6235931653185046	0.7389026481161711	-0.5820255536624747	0.6955306545551028	-0.18965404594387122
NefNPC	-0.7300871915049941	0.4331222138304202	0.6235931653185046	1.0	0.8934937052757809	-0.18731465877292827	0.2332641635325813	-0.533794620563397
VerPN	-0.7939443775525984	0.41466524925933335	0.7389026481161711	0.8934937052757809	1.0	-0.41750344266119543	0.4294801278341657	-0.5768867933426969
VerNL	0.42943961780143414	-0.16456811419254222	-0.5820255536624747	-0.18731465877292827	-0.41750344266119543	1.0	-0.7243127275194393	0.22198209679842015
VerCL	-0.25605863929321065	0.42717372844393087	0.6955306545551028	0.2332641635325813	0.4294801278341657	-0.7243127275194393	1.0	-0.0758622789945452
VerMES	0.8275528008932743	0.22725199891328066	-0.18965404594387122	-0.533794620563397	-0.5768867933426969	0.22198209679842015	-0.0758622789945452	1.0
