Name,BIOCARTA_CC,FAO,G2M,GLYC,KEGG_CC,NefAC,NefMES,NefNPC,NefOPC,OXPHOS,PD-L1,VerCL,VerMES,VerNL,VerPN,WP_CC
PDX001,1.0319947838210874,0.9130036060641649,1.2388977403207657,1.0121265818310972,1.1671174445358903,0.9471919840276707,1.1105142785800297,0.960757557000074,0.8130805017047202,1.1404761700641173,0.30979868335740496,1.0447916827805743,0.8962986555493887,0.8017409353015341,0.9095818739962855,1.163793043469369
PDX002,1.0367063139711648,0.9133117795331821,1.2347019350846173,1.0157756218581862,1.1742131426795903,0.9547496359617046,1.1087478039462821,0.9446310221699848,0.8275934243765001,1.1441980241061755,0.2980841865169184,1.0275526581945909,0.914518517183995,0.8267374411917502,0.9019256473104764,1.171404846971709
PDX003,1.0321983711132439,0.8917286421695035,1.2375204655344605,1.0115152471482003,1.1643105028060314,0.9457405247781099,1.1303564090890736,0.9569667227823127,0.7983701929120566,1.1373789904501501,0.3052111155364694,1.0405785372029193,0.9163488178775517,0.784389114534447,0.9012396917219873,1.1607145921113375
PDX004,1.0351939423225134,0.9076803963487529,1.2388249362585952,1.0183666175814905,1.1743757420895744,0.9476615875091615,1.1134417334154882,0.9614828595969555,0.8123239800768983,1.1421402019093987,0.2901724835046242,1.0351593279294653,0.911580140983509,0.8018575724075367,0.9007557463054505,1.171016693197316
PDX005,1.0207131758775132,0.8835047661471925,1.235522630147723,0.9869275956856557,1.1659513649196622,0.9664345546372547,1.097023175534149,0.9812105230074164,0.8278674454974828,1.132483357824254,0.23889774032076563,1.048019083381048,0.8973737347715813,0.8282680143951902,0.947250213729936,1.1631915269739719
PDX006,1.0150094343320564,0.8549094162373834,1.2267214700783955,0.9855336778455419,1.1559999510743169,0.9762323015137401,1.079544009012659,1.0398646722439957,0.8633598787895566,1.1354241214132539,0.2680577367108452,1.0418798553808037,0.8642115467502547,0.8392687372646291,0.9889397155707693,1.1532520390021843
