Name,BIOCARTA_CC,FAO,G2M,GLYC,KEGG_CC,NefAC,NefMES,NefNPC,NefOPC,OXPHOS,VerCL,VerMES,VerNL,VerPN,WP_CC
counts.RNA.PP2AcKO.1,1.7243922477726101,1.4183798370286882,1.7510647511065651,1.4700684821286938,1.7007715166297968,1.046703815779223,1.8331825277780374,1.1336900869020226,0.8877336836615608,1.8097007106902785,1.3550682094264677,1.379947658764004,1.0520445920020713,1.0053723826986107,1.701377023939037
counts.RNA.PP2AcKO.2,1.7216189975060514,1.411712109729994,1.7389848726801473,1.4963502068492482,1.6790228455391447,0.9224995912376497,1.832062587823159,1.0939459730752874,0.8891892341851052,1.8115619952465354,1.3867390723202708,1.382840151786849,1.0916727823201993,0.9925966509452652,1.6791935266237359
counts.RNA.PP2AcKO.3,1.7215304989051237,1.4257182214715596,1.7402424095744076,1.4942939958607229,1.69380501417225,0.9844891820899336,1.8351507268096237,1.0784721864798887,0.8462806542472198,1.810203894045713,1.3962552946994131,1.3761419287983523,1.0426120869400557,0.9876860515137106,1.694397246328963
counts.RNA.PP2AcWT.1,1.8034166472742268,1.4739190115488485,1.79557382445046,1.531845885271189,1.7398531597232696,1.0454109386089225,1.8214858010444903,1.1548079661115134,0.867421026853775,1.8462806542472199,1.4238354542512166,1.338900658384095,1.0656004780917785,1.0316276763455443,1.73969876177953
counts.RNA.PP2AcWT.2,1.7270776615201062,1.468581828294772,1.7849927546985827,1.5200458943895343,1.7198270995483937,1.0567908220327695,1.7971974651342824,1.1394177180901428,0.8907170645636974,1.8323388487062597,1.446781583489306,1.3457287958717445,1.0288735825310895,1.0500515004333697,1.719300289618144
counts.RNA.PP2AcWT.3,1.7287717593464247,1.4716543994241522,1.7853161097410837,1.5241028049749918,1.7072232433677839,1.0480456942817022,1.8022555320973712,1.1561181354614871,0.8754841350755526,1.840659065709257,1.4337741890258018,1.3440368750234573,1.0844893644116034,1.0371884419713466,1.7061664313572378
