	NefAC	NefMES	NefNPC	NefOPC	VerCL	VerMES	VerNL	VerPN
NefAC	1.0	0.7714285714285715	0.6	0.6571428571428571	0.8285714285714286	-0.9428571428571428	-0.8285714285714286	0.7714285714285715
NefMES	0.7714285714285715	1.0	0.8285714285714286	0.6	0.9428571428571428	-0.8857142857142857	-0.9428571428571428	0.5428571428571428
NefNPC	0.6	0.8285714285714286	1.0	0.7714285714285715	0.7714285714285715	-0.7142857142857143	-0.7714285714285715	0.7142857142857143
NefOPC	0.6571428571428571	0.6	0.7714285714285715	1.0	0.6571428571428571	-0.6	-0.6571428571428571	0.9428571428571428
VerCL	0.8285714285714286	0.9428571428571428	0.7714285714285715	0.6571428571428571	1.0	-0.9428571428571428	-1.0	0.6
VerMES	-0.9428571428571428	-0.8857142857142857	-0.7142857142857143	-0.6	-0.9428571428571428	1.0	0.9428571428571428	-0.6571428571428571
VerNL	-0.8285714285714286	-0.9428571428571428	-0.7714285714285715	-0.6571428571428571	-1.0	0.9428571428571428	1.0	-0.6
VerPN	0.7714285714285715	0.5428571428571428	0.7142857142857143	0.9428571428571428	0.6	-0.6571428571428571	-0.6	1.0
