	NefAC	NefMES	NefNPC	NefOPC	VerCL	VerMES	VerNL	VerPN
NefAC	0.0	0.07239650145772594	0.20799999999999982	0.15617492711370237	0.04156268221574334	0.004804664723032055	0.04156268221574334	0.07239650145772594
NefMES	0.07239650145772594	0.0	0.04156268221574334	0.20799999999999982	0.004804664723032055	0.01884548104956266	0.004804664723032055	0.26570262390670557
NefNPC	0.20799999999999982	0.04156268221574334	0.0	0.07239650145772594	0.07239650145772594	0.1107871720116617	0.07239650145772594	0.1107871720116617
NefOPC	0.15617492711370237	0.20799999999999982	0.07239650145772594	0.0	0.15617492711370237	0.20799999999999982	0.15617492711370237	0.004804664723032055
VerCL	0.04156268221574334	0.004804664723032055	0.07239650145772594	0.15617492711370237	0.0	0.004804664723032055	0.0	0.20799999999999982
VerMES	0.004804664723032055	0.01884548104956266	0.1107871720116617	0.20799999999999982	0.004804664723032055	0.0	0.004804664723032055	0.15617492711370237
VerNL	0.04156268221574334	0.004804664723032055	0.07239650145772594	0.15617492711370237	0.0	0.004804664723032055	0.0	0.20799999999999982
VerPN	0.07239650145772594	0.26570262390670557	0.1107871720116617	0.004804664723032055	0.20799999999999982	0.15617492711370237	0.20799999999999982	0.0
