	NefMES	NefAC	NefOPC	NefNPC	VerPN	VerNL	VerCL	VerMES
NefMES	1.0	0.1664764630388964	0.324331618633297	0.4622862154198583	0.566303059043742	0.47409374773157426	0.38272965479760224	0.5133239225772745
NefAC	0.1664764630388964	1.0	0.8028096385076192	0.7650061940254193	0.4095671973194545	0.45670935459227635	0.2131736015568097	-0.29953887708148874
NefOPC	0.324331618633297	0.8028096385076192	1.0	0.8093238905861115	0.6650745410906975	0.7759887010616736	0.3473359425589034	0.008847701481440548
NefNPC	0.4622862154198583	0.7650061940254193	0.8093238905861115	1.0	0.662918520457567	0.5357244718407097	0.42485214145443856	-0.014151562452713552
VerPN	0.566303059043742	0.4095671973194545	0.6650745410906975	0.662918520457567	1.0	0.7726767119802712	0.571933598383639	0.33757072665805476
VerNL	0.47409374773157426	0.45670935459227635	0.7759887010616736	0.5357244718407097	0.7726767119802712	1.0	0.4629900807709872	0.3390181347156873
VerCL	0.38272965479760224	0.2131736015568097	0.3473359425589034	0.42485214145443856	0.571933598383639	0.4629900807709872	1.0	0.7203167943399704
VerMES	0.5133239225772745	-0.29953887708148874	0.008847701481440548	-0.014151562452713552	0.33757072665805476	0.3390181347156873	0.7203167943399704	1.0
