	NefAC	NefMES	NefNPC	NefOPC	VerCL	VerMES	VerNL	VerPN
NefAC	1.0	0.1647443762781186	-0.13989338087497596	0.09400485903553388	0.5834257948368378	0.1425207557722895	0.1764060615594358	-0.23749532448918953
NefMES	0.1647443762781186	1.0	-0.7364357750860818	-0.6989509377239439	0.46803488717599145	0.9132788002726653	-0.6037561393389614	-0.7826588362784682
NefNPC	-0.13989338087497596	-0.7364357750860818	1.0	0.7448090468949364	-0.4791830528026847	-0.8188925593833569	0.4935297921800989	0.9372118224878961
NefOPC	0.09400485903553388	-0.6989509377239439	0.7448090468949364	1.0	-0.4372827853809449	-0.6887182982888505	0.6418142729799171	0.7929030115533183
VerCL	0.5834257948368378	0.46803488717599145	-0.4791830528026847	-0.4372827853809449	1.0	0.4323776064880359	-0.3839312743607222	-0.5842469368849736
VerMES	0.1425207557722895	0.9132788002726653	-0.8188925593833569	-0.6887182982888505	0.4323776064880359	1.0	-0.5772244070403579	-0.8369262230611924
VerNL	0.1764060615594358	-0.6037561393389614	0.4935297921800989	0.6418142729799171	-0.3839312743607222	-0.5772244070403579	1.0	0.4277513851746981
VerPN	-0.23749532448918953	-0.7826588362784682	0.9372118224878961	0.7929030115533183	-0.5842469368849736	-0.8369262230611924	0.4277513851746981	1.0
