Name,NefAC,NefMES,NefNPC,NefOPC,VerCL,VerMES,VerNL,VerPN
GSM5946863,3.503916200892752,3.4947232219752107,3.3850336294632415,3.5869160120980634,2.844540215969993,2.9292834301489465,2.924491533987217,3.13955539803332
GSM5946864,3.556231718815102,3.3467745257986192,3.4179321791634503,3.630587100928616,2.867569462693602,2.6442608259893197,3.0574691506623326,3.190811828826604
GSM5946865,3.5064498502599672,3.4219110059391316,3.3230914413855075,3.5639696779502286,2.848658730738979,2.726621685352765,2.8419627371518787,3.1233551994851405
GSM5946866,3.5562749212568474,3.3250450248200907,3.419300024297461,3.5289920989832364,2.816480802629818,2.630587100928616,3.104777999228747,3.144359985027211
GSM5946867,3.580424420449275,3.4397417210940207,3.367071449790543,3.587024172992427,2.8295711867967652,2.776522993043062,3.022271572347597,3.0972900869997706
GSM5946868,3.566341113579183,3.3380507745607177,3.4075182834990843,3.6085003962878024,2.867990962680074,2.663225283731164,3.0238760764672863,3.150607139458407
