	NefAC	NefMES	NefNPC	NefOPC	VerCL	VerMES	VerNL	VerPN
NefAC	1.0	0.2	0.37142857142857144	0.2571428571428571	-0.14285714285714285	-0.02857142857142857	0.5428571428571428	0.4857142857142857
NefMES	0.2	1.0	-0.5428571428571428	-0.7714285714285715	0.6	0.7714285714285715	0.4857142857142857	-0.6571428571428571
NefNPC	0.37142857142857144	-0.5428571428571428	1.0	0.9428571428571428	-0.2	-0.4857142857142857	-0.2	0.8857142857142857
NefOPC	0.2571428571428571	-0.7714285714285715	0.9428571428571428	1.0	-0.37142857142857144	-0.6571428571428571	-0.2571428571428571	0.9428571428571428
VerCL	-0.14285714285714285	0.6	-0.2	-0.37142857142857144	1.0	0.8857142857142857	0.5428571428571428	-0.4857142857142857
VerMES	-0.02857142857142857	0.7714285714285715	-0.4857142857142857	-0.6571428571428571	0.8857142857142857	1.0	0.6571428571428571	-0.7142857142857143
VerNL	0.5428571428571428	0.4857142857142857	-0.2	-0.2571428571428571	0.5428571428571428	0.6571428571428571	1.0	-0.14285714285714285
VerPN	0.4857142857142857	-0.6571428571428571	0.8857142857142857	0.9428571428571428	-0.4857142857142857	-0.7142857142857143	-0.14285714285714285	1.0
