Name,BIOCARTA_CC,FAO,G2M,GLYC,KEGG_CC,NefAC,NefMES,NefNPC,NefOPC,OXPHOS,PD-L1,VerCL,VerMES,VerNL,VerPN,WP_CC
counts.RNA.PP2AcKO.1,1.1536240046821369,0.9489007097236745,1.1714679958916545,0.9834805808834324,1.1378216589631218,0.7002482464387246,1.2264050547317782,0.758442343851695,0.593896712630038,1.2106956429659896,0.4241923417133921,0.9065450255852423,0.9231894578576145,0.7038212430479774,0.6725973837006806,1.1382267453162136
counts.RNA.PP2AcKO.2,1.15176869126222,0.9444399785423648,1.1633865180583147,1.0010631399335803,1.1232717274887019,0.617155217518437,1.2256558112708318,0.7318534028409911,0.5948704806495576,1.2119408483688878,0.3168961825137715,0.927732935546263,0.9251245450681026,0.7303326308555693,0.6640503777354909,1.1233859136876851
counts.RNA.PP2AcKO.3,1.1517094854112642,0.9538101127088812,1.1642278143178322,0.9996875281154932,1.133161046231834,0.6586264547847792,1.227721786265316,0.7215013894386816,0.5661645015504829,1.211032274262225,0.31592222486814553,0.9340993191719446,0.9206434121714402,0.6975108665788866,0.6607651707943571,1.1335572514648435
counts.RNA.PP2AcWT.1,1.2064915841661046,0.9860565975499205,1.20124471026856,1.024809863883959,1.163967404905373,0.6993833074199539,1.2185799066232452,0.772570273512429,0.5803074793667824,1.2351677438071493,0.25528863036442123,0.9525505353340572,0.8957288815185448,0.7128901747936536,0.6901622602768801,1.1638641121804134
counts.RNA.PP2AcWT.2,1.1554205551860124,0.9824860046484254,1.19416594029801,1.0169156317255328,1.150569905718754,0.7069964863270105,1.202330931150297,0.7622741476869977,0.595892604126454,1.225840630697335,0.23516774380714925,0.9679015701915796,0.9002969276363566,0.6883197625855306,0.7024878583264017,1.1502174681673638
counts.RNA.PP2AcWT.3,1.1565539121245194,0.9845415646960449,1.1943822658698433,1.0196297180607492,1.1421378850689892,0.7011459675075977,1.2057147943481548,0.7734467810554667,0.5857017249098179,1.2314068828486193,0.26084399222157245,0.9591995811221837,0.8991650271032108,0.725526900984234,0.6938824305099712,1.141430874407478
