	NefAC	NefMES	NefNPC	NefOPC	VerCL	VerMES	VerNL	VerPN
NefAC	0.0	0.46847813411078715	0.7871720116618075	0.6227871720116618	0.8717434402332361	0.6227871720116618	0.3965014577259474	0.8717434402332361
NefMES	0.46847813411078715	0.0	0.1107871720116617	0.8717434402332361	0.8717434402332361	0.004804664723032055	0.07239650145772594	0.20799999999999982
NefNPC	0.7871720116618075	0.1107871720116617	0.0	0.8717434402332361	0.8717434402332361	0.07239650145772594	0.004804664723032055	0.07239650145772594
NefOPC	0.6227871720116618	0.8717434402332361	0.8717434402332361	0.0	0.1107871720116617	0.9571545189504373	0.7871720116618075	0.3287230320699709
VerCL	0.8717434402332361	0.8717434402332361	0.8717434402332361	0.1107871720116617	0.0	0.9571545189504373	0.7871720116618075	0.26570262390670557
VerMES	0.6227871720116618	0.004804664723032055	0.07239650145772594	0.9571545189504373	0.9571545189504373	0.0	0.04156268221574334	0.15617492711370237
VerNL	0.3965014577259474	0.07239650145772594	0.004804664723032055	0.7871720116618075	0.7871720116618075	0.04156268221574334	0.0	0.15617492711370237
VerPN	0.8717434402332361	0.20799999999999982	0.07239650145772594	0.3287230320699709	0.26570262390670557	0.15617492711370237	0.15617492711370237	0.0
