Name,NefAC,NefMES,NefNPC,NefOPC,VerCL,VerMES,VerNL,VerPN
X10497.bam,1.4643246162640673,1.3259128052220326,1.0032267380514042,1.091283570005695,1.0767336157037977,0.7709399353626079,0.8305923929151864,0.7142237779254084
X4567.bam,1.3140175287110456,1.3932561925188527,0.6807903878292236,0.8105206069733298,0.9891010710977087,1.0411899135269522,0.47996691213580556,0.46541938515903114
X4831.bam,1.4325546543219319,1.3508606656035662,0.8289834412006492,1.0407339814122634,1.0276007864765833,0.9713021901119555,0.6467705116575484,0.5791175343741178
X4987.bam,1.3955750177799437,1.4654193851590311,0.9059941351291552,1.0294914447671693,0.9675440618837584,1.1074917877626695,0.6752289783720358,0.6438925971923941
X6136.bam,1.3839878831495092,1.4551335984584928,0.848458005327349,0.9895998873594735,0.9306991987464835,1.1677410658601888,0.6802553109172227,0.6031094809924303
X8570.bam,1.4402135070351836,1.349480714588628,0.8144909651038132,0.9307980231405443,1.076082198320057,0.9436725022529612,0.5278457799561211,0.5245259089958147
X9037.bam,1.4253524454897788,1.3078102489393213,0.8237266916694571,0.9981422251664643,0.9371497275988305,0.8103932788437175,0.8105935393265504,0.5408186234420449
X9581.bam,1.2674064749428129,1.175933469032151,0.914754357860592,0.8668324567812402,0.856083932036047,0.6768088168318654,0.7135857743475545,0.7004732083549151
